,player,pts,ast,trb,orb,drb,stl,blk,tov,g,mp,fg,fga,fg%,efg%,ft,fta,ft%
0,Kris Humphries,21.7,0.7,10.1,3.1,7.0,0.9,1.1,2.8,29.0,34.1,7.6,17.2,0.44,0.46,5.9,7.9,0.74
1,Eric Gordon Jr,20.9,2.4,3.3,0.7,2.5,1.3,0.6,3.6,32.0,34.7,5.8,13.3,0.43,0.52,7.2,8.7,0.83
2,Brian Cook,20.0,2.0,7.6,1.5,6.1,0.7,0.4,2.8,30.0,31.3,6.7,14.1,0.48,0.51,5.6,6.8,0.82
3,D'Angelo Russell,19.3,5.0,5.7,1.0,4.7,1.6,0.3,2.9,35.0,33.9,6.6,14.7,0.45,0.54,3.4,4.5,0.76
4,James Palmer,18.45,3.0,4.3,1.15,3.1,1.2,0.45,2.15,34.5,33.1,5.7,14.25,0.41,0.46,5.45,7.25,0.75
5,Luka Garza,18.3,1.23,7.35,2.7,4.68,0.52,1.23,1.42,31.75,27.22,6.93,12.65,0.55,0.58,3.52,5.03,0.71
6,Brent Darby,18.3,4.4,3.9,0.5,3.3,1.8,0.1,3.6,32.0,38.1,5.1,13.5,0.38,0.44,6.4,7.9,0.81
7,D.J. Newbill,18.27,2.93,4.87,1.47,3.4,1.1,0.27,2.87,33.0,36.0,6.27,14.47,0.44,0.48,4.33,5.97,0.73
8,Terran Petteway,18.15,2.2,4.85,0.7,4.15,1.0,0.85,3.1,31.5,33.35,5.8,14.15,0.41,0.48,4.65,6.1,0.76
9,Trayce Jackson-Davis,17.95,2.12,9.07,2.8,6.28,0.7,2.1,1.92,31.5,32.6,6.75,11.98,0.56,0.56,4.5,6.65,0.68
10,Willie Deane,17.8,2.2,5.0,0.8,4.3,1.7,0.2,2.3,30.0,28.8,5.5,13.1,0.42,0.48,5.3,6.7,0.78
11,Carsen Edwards,17.7,2.5,3.33,0.4,2.97,1.13,0.2,2.2,36.0,29.37,5.87,14.2,0.41,0.5,3.4,4.17,0.8
12,Bracey Wright,17.67,2.4,5.07,1.33,3.73,0.93,0.57,2.33,28.33,35.73,5.53,13.67,0.41,0.49,4.4,5.7,0.77
13,Carl Landry,17.43,1.13,6.53,2.73,3.87,0.93,0.67,3.0,21.33,28.43,5.87,9.93,0.59,0.6,5.47,7.37,0.75
14,Marcus Carr,17.4,5.7,4.65,0.9,3.8,1.1,0.1,2.45,30.0,36.3,5.55,14.25,0.39,0.45,4.45,5.95,0.75
15,Jared Sullinger,17.35,1.2,9.7,3.3,6.35,1.1,0.8,1.75,37.0,31.05,6.1,11.5,0.53,0.54,4.9,6.7,0.74
16,Kofi Cockburn,17.3,0.53,9.63,3.43,6.2,0.53,1.23,1.97,30.0,28.37,6.63,11.1,0.59,0.59,4.1,6.53,0.63
17,Terrence Shannon Jr.,17.2,2.8,4.6,1.2,3.4,1.3,0.5,2.6,31.0,32.1,5.1,11.6,0.44,0.51,5.4,6.8,0.79
18,Marco Killingsworth,17.1,1.9,7.8,2.5,5.4,0.7,0.7,3.9,31.0,28.5,6.8,12.5,0.54,0.55,3.4,5.6,0.61
19,Hunter Dickinson,17.07,1.57,8.33,2.27,6.03,0.43,1.57,2.1,31.33,30.33,6.77,11.8,0.57,0.59,3.07,4.1,0.76
20,Manny Harris,17.03,3.73,5.67,1.57,4.13,1.47,0.37,3.17,32.67,34.0,5.33,13.13,0.41,0.46,4.93,5.97,0.83
21,Miles Bridges,17.0,2.4,7.65,1.4,6.25,0.65,1.15,2.2,31.0,31.7,6.2,13.2,0.47,0.55,2.5,3.25,0.77
22,Pierre Pierce,16.95,3.95,5.45,1.45,4.0,1.7,0.4,4.1,24.5,34.25,6.5,13.55,0.48,0.51,3.25,5.85,0.55
23,Ayo Dosunmu,16.83,3.97,4.87,0.8,4.07,1.07,0.23,2.77,30.0,33.3,6.37,13.53,0.47,0.52,2.9,3.83,0.74
24,Bryce McGowens,16.8,1.4,5.2,0.7,4.5,0.7,0.3,2.1,31.0,33.3,5.2,12.8,0.4,0.45,5.2,6.3,0.83
25,Vincent Grier,16.8,2.5,5.95,1.35,4.6,2.15,0.2,2.85,28.5,36.3,5.85,13.05,0.45,0.46,4.8,6.6,0.73
26,Vedran Vukusic,16.7,2.3,4.0,0.93,3.07,1.2,0.63,2.33,29.0,36.1,5.93,12.5,0.47,0.56,2.6,3.4,0.77
27,Trey Burke,16.7,5.65,3.35,0.55,2.7,1.25,0.45,2.5,36.5,35.7,5.9,13.2,0.45,0.52,3.05,4.0,0.77
28,Andrew White III,16.6,0.6,5.9,1.2,4.7,1.1,0.3,1.6,34.0,29.7,5.7,11.9,0.48,0.59,2.5,3.3,0.78
29,Teddy Allen,16.5,1.7,4.7,1.2,3.5,1.3,0.0,2.5,22.0,27.2,6.0,13.3,0.45,0.52,2.5,3.7,0.69
30,Romeo Langford,16.5,2.3,5.4,1.4,4.0,0.8,0.8,2.1,32.0,34.1,5.5,12.3,0.45,0.49,4.4,6.1,0.72
31,Lamar Stevens,16.42,1.98,6.5,1.5,5.05,0.8,0.92,2.42,33.75,32.22,5.95,13.7,0.43,0.46,3.92,5.28,0.74
32,Tony Carr,16.4,4.6,4.85,0.8,4.1,0.75,0.3,2.45,35.0,34.1,5.45,13.75,0.39,0.45,3.85,4.9,0.78
33,Talor Battle,16.4,3.82,4.62,0.7,3.92,1.1,0.1,2.25,33.5,35.67,5.35,13.32,0.4,0.48,3.35,4.68,0.71
34,Brice Sensabaugh,16.3,1.2,5.4,1.3,4.1,0.5,0.4,2.0,33.0,24.5,6.0,12.4,0.48,0.55,2.5,3.0,0.83
35,Kirk Penney,16.2,3.1,6.0,0.6,5.4,0.8,0.2,2.5,32.0,35.0,5.7,12.8,0.45,0.52,2.8,3.8,0.75
36,LaVell Blanchard,16.2,1.0,6.8,1.9,5.0,0.6,0.3,1.8,30.0,32.0,5.2,12.4,0.42,0.51,3.5,4.3,0.81
37,Rayvonte Rice,16.2,1.65,6.25,1.3,4.9,1.75,0.3,1.45,29.5,31.35,5.45,12.15,0.45,0.52,3.7,4.85,0.77
38,Adam Haluska,16.2,2.17,4.43,0.77,3.7,1.2,0.27,1.7,32.67,33.13,5.03,11.7,0.43,0.53,3.97,4.67,0.84
39,James Blackmon,16.17,1.7,4.77,1.3,3.43,0.83,0.17,1.8,25.33,28.33,5.6,12.23,0.46,0.57,2.27,2.77,0.83
40,Devin Harris,16.1,3.75,4.45,0.7,3.75,1.9,0.35,1.85,32.0,35.35,5.0,10.9,0.46,0.55,4.05,5.25,0.77
41,Cody Zeller,16.05,1.3,7.3,2.6,4.65,1.2,1.25,2.0,36.0,29.0,5.55,9.35,0.59,0.59,4.95,6.6,0.76
42,Alando Tucker,16.02,1.36,5.52,2.26,3.3,0.72,0.18,1.64,26.8,30.1,5.72,11.64,0.5,0.54,3.86,5.98,0.65
43,Melo Trimble,15.93,3.87,3.7,0.27,3.43,1.23,0.17,2.73,34.67,32.83,4.73,11.0,0.43,0.51,4.83,5.77,0.84
44,Chauncey Leslie,15.8,2.9,4.5,1.3,3.2,1.5,0.5,2.5,31.0,36.2,5.8,11.7,0.49,0.53,3.5,4.4,0.78
45,Jahmir Young,15.8,3.1,4.6,1.1,3.5,1.3,0.4,2.3,35.0,31.3,5.3,12.7,0.42,0.46,4.1,4.9,0.83
46,Greg Oden Jr,15.7,0.7,9.6,3.5,6.0,0.6,3.3,2.0,32.0,28.9,5.9,9.6,0.62,0.62,3.8,6.1,0.63
47,Jitim Young,15.65,2.15,5.55,2.2,3.35,1.95,0.1,2.25,29.0,35.75,5.55,10.85,0.51,0.55,3.6,5.65,0.64
48,Rick Rickert,15.6,1.2,6.2,1.8,4.4,0.8,0.8,2.1,32.0,30.8,5.8,13.0,0.44,0.49,2.8,4.1,0.68
49,John Shurna,15.52,2.25,4.93,1.32,3.58,0.9,1.02,1.65,32.5,31.55,5.38,11.48,0.47,0.56,2.7,3.65,0.74
50,Jalen Pickett,15.5,5.5,5.85,0.9,4.95,1.0,0.55,2.05,34.0,36.9,6.1,13.1,0.46,0.52,1.9,2.55,0.75
51,Daniel Oturu,15.45,0.8,9.15,3.1,6.0,0.5,1.9,2.15,33.0,28.85,6.0,10.75,0.56,0.57,3.1,4.55,0.66
52,Geary Claxton,15.42,1.68,7.55,3.15,4.4,1.02,0.75,2.4,25.5,32.67,5.48,12.22,0.45,0.48,3.68,5.72,0.64
53,Ethan Happ,15.4,3.08,8.75,2.6,6.18,1.55,1.12,2.58,34.75,29.7,6.38,11.75,0.55,0.55,2.68,4.92,0.54
54,Bo Spencer,15.4,3.3,2.6,0.3,2.3,1.3,0.1,3.0,30.0,32.5,5.1,12.4,0.41,0.5,3.1,3.5,0.88
55,Evan Turner,15.4,4.2,6.9,1.53,5.37,1.6,0.73,3.53,33.67,33.07,5.43,10.87,0.5,0.53,3.9,5.13,0.75
56,Keegan Murray,15.35,1.0,6.9,2.25,4.65,1.05,1.6,0.85,33.0,24.95,5.75,10.6,0.53,0.58,2.7,3.55,0.75
57,Dawson Garcia,15.3,2.2,6.7,1.4,5.2,0.7,0.7,1.8,26.0,31.8,5.7,12.5,0.46,0.5,2.7,3.8,0.71
58,E'Twaun Moore,15.28,2.88,4.35,1.1,3.25,1.18,0.4,2.05,35.0,32.25,5.6,12.68,0.44,0.51,2.4,3.25,0.73
59,Zach Edey,15.13,1.03,8.33,3.47,4.87,0.17,1.47,1.8,33.0,21.8,5.8,9.4,0.62,0.62,3.53,5.03,0.7
60,Dez Wells,15.1,2.8,5.3,1.3,4.0,1.0,0.4,3.3,28.0,30.5,5.3,11.3,0.46,0.5,3.7,4.6,0.81
61,Fatts Russell,15.1,3.7,4.1,0.4,3.7,1.3,0.2,2.5,32.0,32.6,5.0,12.2,0.41,0.47,3.7,4.7,0.78
62,Jamison Battle,14.95,1.35,5.05,0.3,4.75,0.5,0.4,1.6,28.0,36.15,5.55,13.4,0.41,0.5,1.5,1.95,0.77
63,Kevin Coble,14.93,1.97,5.13,0.87,4.33,1.4,0.57,1.43,27.0,33.43,5.8,12.0,0.48,0.55,1.83,2.27,0.79
64,Jeff Newton,14.9,2.0,8.2,2.2,6.1,0.7,1.5,2.3,34.0,33.4,5.0,11.6,0.43,0.45,4.5,6.1,0.75
65,Tyler Smith,14.9,3.6,4.9,2.2,2.8,1.5,0.3,3.0,31.0,33.7,5.6,12.7,0.44,0.46,3.1,4.3,0.73
66,Ignas Brazdeikis,14.8,0.8,5.4,1.2,4.3,0.7,0.5,1.2,37.0,29.6,5.1,11.0,0.46,0.53,3.1,4.1,0.77
67,Gary Harris,14.8,2.05,3.25,1.0,2.25,1.55,0.3,1.6,34.5,31.0,5.0,11.35,0.44,0.54,2.75,3.5,0.78
68,Corey Sanders,14.63,3.53,3.6,0.5,3.1,1.47,0.33,2.67,31.33,32.33,5.57,13.87,0.4,0.44,2.57,3.77,0.68
69,Yogi Ferrell,14.62,4.62,3.2,0.55,2.62,0.85,0.05,2.28,34.25,32.88,4.68,10.85,0.43,0.52,3.25,3.9,0.83
70,Alfonso Plummer,14.6,1.1,2.5,0.3,2.1,0.3,0.0,1.3,33.0,30.2,4.7,11.0,0.42,0.56,2.3,2.6,0.87
71,Alonzo Verge Jr.,14.5,5.5,4.5,0.5,4.0,1.6,0.2,3.4,31.0,28.4,5.4,11.8,0.46,0.48,3.1,4.1,0.77
72,Anthony Cowan,14.5,4.47,3.9,0.5,3.4,1.15,0.22,2.52,32.5,33.83,4.2,10.42,0.41,0.48,4.47,5.52,0.81
73,Kosta Koufos,14.4,0.5,6.7,2.6,4.0,0.4,1.8,1.5,37.0,27.1,6.0,11.8,0.51,0.53,1.8,2.7,0.68
74,Deshaun Thomas,14.4,0.9,4.93,2.0,2.97,0.43,0.23,1.13,37.67,26.93,5.33,11.23,0.48,0.54,2.4,3.0,0.8
75,Caleb Swanigan,14.35,2.45,10.4,2.15,8.2,0.4,0.5,3.0,34.5,29.1,5.05,10.15,0.49,0.53,3.35,4.4,0.75
76,Daniel Horton,14.35,4.4,2.62,0.42,2.22,1.7,0.28,3.38,27.5,33.48,4.68,11.88,0.39,0.48,2.95,3.75,0.78
77,Tim Hardaway Jr.,14.33,2.07,4.1,0.6,3.5,0.73,0.27,1.7,35.67,33.23,4.9,11.57,0.42,0.51,2.6,3.57,0.72
78,Amir Coffey,14.27,3.2,3.83,0.77,3.07,0.9,0.23,2.03,29.0,33.33,4.77,10.53,0.45,0.51,3.67,5.03,0.73
79,Nik Stauskas,14.25,2.3,2.95,0.45,2.5,0.6,0.25,1.5,37.5,33.05,4.3,9.25,0.47,0.59,3.3,3.95,0.84
80,Kalin Lucas,14.2,3.95,1.92,0.57,1.35,1.0,0.1,2.3,35.25,30.38,4.78,11.18,0.43,0.47,3.58,4.5,0.79
81,Jaden Ivey,14.2,2.5,4.1,0.75,3.35,0.8,0.65,1.95,29.5,27.8,4.75,11.0,0.43,0.49,3.3,4.5,0.74
82,Jett Howard,14.2,2.0,2.8,0.3,2.6,0.4,0.7,1.3,29.0,31.8,4.7,11.4,0.41,0.53,2.1,2.6,0.8
83,Cassius Winston,14.18,6.38,2.68,0.22,2.48,0.9,0.08,2.7,34.75,28.75,4.68,10.15,0.46,0.55,2.98,3.52,0.84
84,E.J. Liddell,14.1,1.6,6.13,1.73,4.4,0.57,1.53,1.63,30.67,26.4,4.67,9.77,0.48,0.51,3.87,5.13,0.74
85,Tyler Cook,14.03,1.73,6.57,2.13,4.47,0.67,0.5,2.57,31.0,27.77,5.27,9.73,0.54,0.55,3.43,5.37,0.63
86,Robbie Hummel,14.0,2.1,6.8,1.88,4.92,1.05,0.88,1.08,31.75,30.12,4.58,10.35,0.45,0.53,3.1,3.68,0.84
87,Nate Mason,13.88,4.12,3.22,0.5,2.75,1.3,0.08,1.55,31.25,31.9,4.68,11.98,0.39,0.46,2.82,3.7,0.75
88,JaJuan Johnson,13.7,0.68,6.1,1.98,4.07,0.68,1.88,1.33,35.0,27.52,5.05,10.07,0.49,0.49,3.52,4.72,0.73
89,Malaki Branham,13.7,2.0,3.6,0.8,2.8,0.7,0.3,1.7,32.0,29.6,5.0,10.0,0.5,0.56,2.5,3.0,0.83
90,Brandon Watkins,13.7,3.7,2.8,0.7,2.0,1.1,0.0,3.4,28.0,32.2,5.5,12.5,0.44,0.47,1.9,2.5,0.75
91,William Buford,13.65,2.45,4.55,1.05,3.5,0.88,0.3,1.75,36.25,32.47,5.12,11.58,0.44,0.51,1.95,2.4,0.82
92,Jalen Smith,13.6,0.85,8.65,2.95,5.7,0.55,1.8,1.45,32.0,29.0,4.9,9.5,0.52,0.56,2.95,4.15,0.7
93,Malcolm Hill,13.52,2.05,4.72,1.18,3.55,0.88,0.28,1.62,34.25,28.28,4.25,9.85,0.42,0.48,3.82,4.78,0.79
94,Jordan Murphy,13.52,1.4,9.78,3.12,6.68,0.88,0.98,2.05,33.25,29.22,4.92,9.95,0.49,0.51,3.42,5.22,0.65
95,Jalen Hood-Schifino,13.5,3.7,4.1,0.4,3.7,0.8,0.3,2.8,32.0,33.1,5.3,12.6,0.42,0.46,1.8,2.4,0.78
96,Drew Crawford,13.48,1.96,4.94,1.44,3.54,0.86,0.68,1.64,28.6,32.34,4.82,11.18,0.43,0.51,2.22,3.02,0.73
97,Isaac Copeland,13.45,1.15,5.75,1.6,4.15,0.95,0.95,1.3,26.5,30.7,5.05,10.1,0.5,0.56,2.15,3.05,0.7
98,D.J. White,13.42,0.98,7.12,2.28,4.85,0.55,1.88,1.72,24.75,27.8,5.12,9.25,0.55,0.55,3.1,4.62,0.66
99,Myles Mack,13.4,4.2,4.0,0.7,3.3,1.8,0.1,2.4,32.0,35.4,4.4,11.4,0.39,0.47,2.8,3.3,0.85
100,Shavon Shields,13.4,1.85,5.5,1.35,4.15,1.03,0.28,2.1,30.25,31.8,4.62,10.18,0.46,0.49,3.5,4.6,0.75
101,Johnny Davis,13.35,1.6,6.15,1.2,4.95,1.15,0.65,1.7,31.0,29.25,4.8,11.1,0.43,0.47,3.0,3.85,0.76
102,Lawrence McKenzie,13.35,2.7,2.85,0.45,2.45,0.7,0.15,2.65,32.5,30.7,4.35,10.45,0.42,0.54,2.25,2.95,0.77
103,Paul Davis,13.35,1.4,7.0,2.15,4.9,1.12,0.65,2.12,32.5,25.92,4.75,8.85,0.53,0.53,3.7,4.85,0.75
104,Joe Wieskamp,13.3,1.47,5.87,1.37,4.53,0.93,0.43,1.37,32.33,29.83,4.47,9.6,0.47,0.57,2.5,3.2,0.77
105,Aaron White,13.28,1.35,6.48,2.05,4.4,1.08,0.62,1.5,35.0,28.15,4.22,8.15,0.52,0.55,4.4,5.7,0.77
106,Christian Watford,13.22,0.98,5.88,1.45,4.4,0.68,0.48,1.88,33.0,28.5,4.05,9.9,0.41,0.47,3.85,4.72,0.82
107,Cam Spencer,13.2,3.1,3.8,0.7,3.1,2.0,0.1,1.4,34.0,31.5,4.4,9.9,0.44,0.55,2.2,2.5,0.89
108,Dee Brown,13.2,4.95,3.3,0.78,2.5,1.68,0.05,2.15,34.25,34.35,4.65,11.1,0.43,0.52,1.75,2.4,0.72
109,Haanif Cheatham,13.1,1.6,3.9,0.5,3.4,1.1,0.3,1.3,32.0,32.2,4.8,10.2,0.46,0.51,2.6,3.9,0.67
110,Nick Ward,13.07,0.53,6.57,2.4,4.13,0.3,1.33,1.8,34.67,19.83,4.87,8.03,0.61,0.61,3.3,5.27,0.63
111,Boo Buie,13.0,3.8,2.58,0.4,2.25,0.8,0.08,2.02,28.75,29.08,4.45,11.38,0.39,0.46,2.45,3.08,0.79
112,Kadeem Jack,13.0,1.1,6.4,2.5,3.9,0.9,0.7,2.6,30.0,31.0,5.1,12.0,0.43,0.45,2.2,3.8,0.58
113,Jarrod Uthoff,12.97,1.2,5.77,1.5,4.3,0.8,1.77,1.03,33.33,26.43,4.57,10.2,0.46,0.52,2.43,3.07,0.79
114,Bryant McIntosh,12.95,5.42,2.82,0.35,2.48,0.6,0.15,2.55,32.25,33.62,4.78,11.7,0.41,0.47,2.08,2.45,0.85
115,Kaleb Wesson,12.93,1.6,7.03,2.37,4.67,0.73,0.77,1.93,32.0,25.37,4.3,8.7,0.5,0.54,3.63,4.93,0.73
116,Jamelle Cornley,12.85,1.48,6.18,2.15,4.0,0.75,0.08,1.98,30.5,33.02,5.25,10.2,0.51,0.52,2.2,3.8,0.59
117,Tony Stockman,12.8,2.5,2.65,0.4,2.2,1.8,0.0,2.2,30.5,30.55,4.6,11.8,0.39,0.49,1.3,1.65,0.79
118,Matt Gatens,12.72,2.33,3.52,0.75,2.78,1.1,0.18,1.7,32.0,34.7,4.08,9.88,0.41,0.51,2.68,3.12,0.87
119,Andre Hollins,12.68,2.58,3.32,0.6,2.72,1.0,0.18,2.0,35.0,28.02,3.88,9.65,0.4,0.5,2.95,3.55,0.83
120,Ron Harper Jr.,12.65,1.4,5.18,1.0,4.18,0.78,0.62,1.18,30.25,29.18,4.47,10.28,0.44,0.51,2.15,2.9,0.73
121,Trevor Mbakwe,12.63,1.27,9.43,3.43,6.03,0.9,1.53,2.47,24.0,28.17,4.2,7.2,0.58,0.58,4.23,6.33,0.66
122,Marlon Smith,12.6,2.5,3.5,0.75,2.75,0.95,0.05,3.15,20.5,33.75,4.05,11.2,0.37,0.44,2.65,3.6,0.74
123,Charles Matthews,12.6,1.9,5.25,1.4,3.85,0.9,0.55,1.85,37.5,30.8,4.75,10.25,0.46,0.5,2.25,3.7,0.6
124,Michael Wilkinson,12.57,1.77,7.0,2.4,4.57,1.3,1.07,1.5,32.67,31.87,4.37,9.07,0.48,0.52,3.07,4.2,0.74
125,Diamond Stone,12.5,0.4,5.4,2.2,3.2,0.5,1.6,1.5,35.0,23.1,4.8,8.4,0.57,0.57,2.9,3.8,0.76
126,Matthew Mayer,12.5,1.1,5.3,1.0,4.4,0.8,1.2,1.4,33.0,26.6,4.0,9.9,0.41,0.51,2.4,3.3,0.74
127,Andrew Funk,12.5,1.1,3.0,0.3,2.7,0.5,0.1,0.8,37.0,34.5,4.2,9.5,0.44,0.6,1.1,1.2,0.87
128,Kenny Lowe,12.45,2.1,2.8,0.55,2.25,0.9,0.05,1.95,27.5,29.35,3.45,8.0,0.43,0.5,4.4,5.05,0.88
129,Nigel Hayes,12.45,2.15,5.35,1.8,3.58,0.9,0.43,1.62,37.5,29.7,4.08,9.15,0.46,0.49,3.65,5.52,0.66
130,Demetri McCamey,12.35,5.28,3.12,0.48,2.65,0.98,0.15,2.8,34.75,31.45,4.3,10.1,0.42,0.51,2.08,2.9,0.71
131,Robert Carter,12.3,1.9,6.9,1.7,5.3,0.8,1.3,2.2,36.0,26.4,4.7,8.5,0.55,0.6,2.1,2.9,0.75
132,Roy Devyn Marble,12.3,2.88,3.35,0.85,2.5,1.27,0.25,1.68,34.0,27.32,4.1,9.88,0.41,0.46,3.1,4.3,0.69
133,Tim Frazier,12.26,4.58,3.96,1.1,2.88,1.6,0.18,2.7,27.0,30.8,3.76,9.24,0.4,0.44,4.22,5.3,0.77
134,Thomas Bryant,12.25,1.25,6.2,2.1,4.1,0.65,1.2,2.0,34.5,25.35,4.45,7.5,0.6,0.63,2.95,4.15,0.72
135,Payton Willis,12.25,3.1,4.15,0.55,3.6,1.1,0.4,1.2,28.5,32.8,4.45,10.15,0.43,0.54,1.05,1.7,0.69
136,Dion Harris,12.22,3.02,2.58,0.55,2.02,1.02,0.12,2.3,32.75,32.15,4.08,10.68,0.38,0.48,2.0,2.5,0.8
137,Jeff Horner,12.2,4.95,4.58,0.68,3.92,1.35,0.15,2.6,30.75,36.45,3.7,9.5,0.39,0.5,2.65,3.35,0.79
138,Dachon Burke,12.2,1.3,3.4,0.9,2.5,1.4,0.6,1.5,29.0,28.0,4.7,11.8,0.4,0.45,1.6,2.9,0.57
139,Maurice Ager,12.15,1.4,3.38,0.78,2.6,0.5,0.3,1.65,31.0,25.08,4.05,9.3,0.43,0.52,2.38,3.08,0.77
140,Terence Dials,12.15,0.82,7.08,2.68,4.45,0.78,0.9,2.0,25.0,28.1,4.62,8.55,0.53,0.53,2.9,4.47,0.66
141,Chris Hill,12.1,3.93,2.67,0.37,2.3,1.43,0.07,1.97,32.67,29.37,4.03,8.93,0.45,0.59,1.57,2.1,0.75
142,A.J. Hammons,12.08,0.78,7.05,2.38,4.68,0.38,2.6,2.05,33.0,24.25,4.62,8.62,0.54,0.54,2.75,3.95,0.69
143,Chase Audige,12.07,2.2,3.77,0.93,2.87,1.9,0.43,2.0,27.33,29.8,4.43,11.87,0.37,0.44,1.67,2.37,0.7
144,Glenn Robinson III,12.05,1.15,4.9,1.8,3.15,0.95,0.3,1.0,38.0,32.95,4.6,8.8,0.53,0.57,2.1,2.9,0.72
145,Kevin Huerter,12.05,3.05,4.95,0.85,4.2,0.8,0.7,1.95,32.5,31.9,4.25,9.05,0.46,0.58,1.45,1.95,0.74
146,Franz Wagner,12.05,2.0,6.05,0.8,5.25,1.3,0.8,1.4,27.5,31.25,4.3,9.3,0.46,0.54,2.05,2.4,0.83
147,Jake Layman,12.05,1.25,5.55,1.2,4.35,0.95,0.85,1.8,35.5,30.5,4.0,8.25,0.48,0.57,2.6,3.3,0.79
148,Brandon Paul,12.02,2.25,3.82,0.82,3.0,1.12,0.48,2.3,34.5,26.67,3.78,9.88,0.38,0.46,2.9,4.03,0.72
149,Shannon Brown,12.0,1.9,3.37,1.0,2.33,1.27,0.1,2.0,32.33,27.73,4.2,9.23,0.46,0.51,2.43,2.93,0.83
150,Sam Griesel,12.0,3.8,5.8,0.3,5.5,1.1,0.4,2.3,30.0,33.7,4.0,9.0,0.45,0.48,3.3,4.8,0.68
151,Cam Mack,12.0,6.4,4.5,0.9,3.6,1.3,0.4,2.6,28.0,34.8,4.2,10.9,0.39,0.46,2.1,3.6,0.57
152,DeShawn Sims,11.98,0.7,5.52,2.15,3.38,0.85,0.65,1.3,33.0,25.08,4.8,10.52,0.43,0.46,1.72,2.52,0.68
153,Sam Dekker,11.97,1.3,5.0,1.6,3.37,0.67,0.5,1.03,37.67,27.7,4.37,8.9,0.49,0.56,1.97,2.8,0.69
154,Bruno Fernando,11.95,1.35,8.55,2.2,6.35,0.5,1.55,2.3,32.0,26.2,4.5,7.6,0.59,0.6,2.85,3.75,0.76
155,Ron Lewis,11.95,1.35,3.45,0.75,2.65,0.7,0.2,1.75,35.5,27.1,3.6,8.25,0.43,0.52,3.25,4.25,0.78
156,Bernard Robinson Jr,11.9,3.6,5.9,1.3,4.6,1.6,0.5,3.1,31.5,32.2,4.35,9.8,0.44,0.47,2.75,3.4,0.81
157,Tom Coverdale,11.9,4.5,3.6,0.5,3.1,0.8,0.1,1.9,34.0,34.0,3.5,9.2,0.38,0.5,2.7,3.3,0.82
158,Robert Vaden,11.85,2.8,4.9,1.2,3.75,1.4,0.2,2.75,30.0,34.1,4.1,10.15,0.41,0.51,1.5,1.9,0.8
159,Shep Garner,11.85,2.35,2.7,0.35,2.33,1.1,0.12,1.6,34.5,32.22,3.88,9.9,0.39,0.52,1.75,2.17,0.79
160,Peter Jok,11.85,1.5,3.12,0.68,2.45,0.82,0.08,1.42,31.25,21.92,3.82,9.32,0.4,0.49,2.45,2.8,0.86
161,Vince Edwards,11.82,2.92,5.62,1.9,3.72,0.5,0.45,1.72,34.5,28.65,4.25,8.98,0.47,0.54,2.08,2.5,0.82
162,Raymar Morgan,11.8,1.38,5.7,1.95,3.75,0.85,0.48,2.12,33.75,26.22,4.4,8.38,0.52,0.54,2.85,4.22,0.67
163,Greg Brunner,11.8,1.68,7.72,2.55,5.25,0.9,0.82,2.12,31.75,29.25,4.3,8.57,0.51,0.53,2.85,4.42,0.63
164,Sean Connolly,11.8,1.9,3.5,0.8,2.7,0.5,0.1,1.4,30.0,36.1,4.0,9.3,0.43,0.55,1.6,1.9,0.84
165,Travis Parker,11.8,1.65,5.5,1.85,3.65,1.05,0.2,2.15,30.0,28.6,4.2,9.15,0.46,0.53,2.15,3.0,0.72
166,Jae'Sean Tate,11.78,1.68,6.0,1.78,4.22,1.1,0.5,1.82,32.25,28.12,4.78,8.7,0.55,0.57,1.92,3.45,0.55
167,Maurice Hargrow,11.73,2.77,4.1,1.27,2.83,1.0,0.17,2.3,25.67,30.27,4.03,9.43,0.43,0.47,2.83,4.27,0.66
168,Eric Ayala,11.72,2.22,3.68,0.43,3.28,0.68,0.15,1.68,31.25,30.95,3.82,9.57,0.4,0.5,2.25,2.95,0.75
169,Connor Essegian,11.7,0.7,3.7,0.7,3.1,0.5,0.0,1.0,35.0,27.4,3.8,9.4,0.4,0.51,2.2,2.5,0.88
170,Liam Robbins,11.7,1.1,6.6,2.4,4.2,0.7,2.7,1.7,23.0,24.7,3.9,8.8,0.44,0.48,3.3,4.7,0.69
171,Denzel Valentine,11.68,4.58,5.98,1.08,4.92,0.92,0.25,2.22,36.0,29.1,4.1,9.25,0.44,0.53,1.58,2.02,0.76
172,Caris LeVert,11.65,3.08,3.9,0.4,3.5,1.05,0.25,1.48,25.75,27.85,3.98,8.95,0.42,0.5,2.28,2.9,0.72
173,Duane Washington Jr.,11.63,1.8,2.9,0.23,2.63,0.37,0.03,1.53,31.33,24.73,4.0,10.03,0.39,0.49,1.63,2.0,0.77
174,Rasir Bolton,11.6,1.5,2.0,0.6,1.4,0.6,0.1,2.6,32.0,26.9,3.5,9.2,0.38,0.47,2.9,3.3,0.88
175,Luther Head,11.6,2.7,3.53,0.8,2.73,1.27,0.17,1.67,31.0,27.83,3.97,8.4,0.48,0.59,1.77,2.27,0.77
176,DeShawn Freeman,11.6,0.97,6.67,2.4,4.23,1.3,0.87,1.87,24.67,26.47,4.4,9.23,0.48,0.48,2.77,4.13,0.67
177,Vic Law,11.58,2.08,5.7,1.1,4.6,0.98,0.65,1.75,31.25,30.38,3.85,9.62,0.4,0.48,2.3,2.95,0.78
178,Tyson Walker,11.5,3.6,1.9,0.2,1.75,1.0,0.15,1.55,35.0,28.25,4.35,9.7,0.44,0.51,1.45,1.85,0.8
179,Verdell Jones III,11.48,3.35,3.3,0.68,2.6,0.85,0.38,2.92,29.25,28.15,3.9,9.07,0.43,0.46,3.15,4.3,0.72
180,Bryn Forbes,11.45,1.25,1.75,0.25,1.45,0.5,0.05,0.85,37.0,27.15,3.75,8.05,0.46,0.62,1.45,1.7,0.82
181,Zak Irvin,11.45,2.0,3.78,0.62,3.15,0.72,0.08,1.42,35.5,29.98,4.25,10.07,0.42,0.52,1.2,1.8,0.68
182,Glynn Watson Jr.,11.42,2.82,3.08,0.45,2.6,1.32,0.12,1.35,33.5,30.02,4.12,10.55,0.39,0.45,1.78,2.25,0.79
183,Derrick Walton Jr.,11.42,3.85,4.5,0.43,4.03,1.18,0.05,1.75,31.75,32.1,3.35,8.4,0.4,0.5,3.0,3.6,0.83
184,Trent Frazier,11.42,2.88,2.36,0.28,2.08,1.32,0.04,1.68,31.4,31.14,3.78,9.66,0.39,0.49,1.92,2.44,0.78
185,David Teague,11.38,1.1,4.47,1.1,3.4,0.68,0.22,1.25,30.25,27.82,4.08,10.25,0.4,0.5,1.25,1.75,0.73
186,Geo Baker,11.38,3.46,2.7,0.38,2.32,1.24,0.46,1.96,29.0,32.02,4.14,10.68,0.39,0.46,1.48,1.96,0.76
187,Jan Jagla,11.35,1.2,7.35,2.1,5.25,0.75,1.4,2.2,28.0,28.4,4.45,10.6,0.42,0.45,1.8,2.55,0.72
188,Jon Leuer,11.35,1.1,4.53,1.3,3.28,0.4,0.72,1.12,30.75,23.05,4.3,8.82,0.48,0.53,1.98,2.75,0.66
189,Brad Davison,11.32,2.14,3.48,0.34,3.14,1.0,0.02,1.1,32.2,31.94,3.48,9.08,0.38,0.49,2.5,3.0,0.84
190,Noah Vonleh,11.3,0.6,9.0,2.4,6.6,0.9,1.4,2.1,30.0,26.5,3.8,7.2,0.52,0.56,3.2,4.5,0.72
191,JaQuan Lyle,11.3,4.4,3.95,0.5,3.4,1.0,0.2,2.7,33.0,29.5,3.85,9.05,0.43,0.48,2.6,3.65,0.72
192,Rasheed Sulaimon,11.3,3.5,3.5,0.3,3.3,1.2,0.1,1.8,36.0,32.9,3.8,8.2,0.46,0.56,2.1,2.8,0.75
193,Mike Conley Jr,11.3,6.1,3.4,0.7,2.7,2.2,0.3,2.2,39.0,31.6,4.1,7.9,0.52,0.55,2.6,3.7,0.69
194,Jacob Young,11.3,2.65,2.3,0.5,1.75,1.35,0.0,2.55,29.0,25.7,4.35,9.8,0.44,0.48,1.75,2.6,0.66
195,Dylan Talley,11.3,2.15,4.05,0.8,3.25,0.95,0.3,1.9,29.0,29.65,3.95,10.2,0.39,0.47,1.9,2.55,0.78
196,Nigel Johnson,11.3,2.0,3.3,0.4,2.9,1.2,0.1,1.4,32.0,26.2,3.9,10.4,0.38,0.44,2.2,3.1,0.7
197,Aaron Jennings,11.3,1.9,4.6,0.7,3.9,0.9,1.2,1.5,29.0,31.3,4.1,9.1,0.45,0.51,2.1,2.6,0.79
198,Keita Bates-Diop,11.28,1.12,5.6,1.15,4.43,0.52,1.18,1.3,27.25,24.45,4.25,8.88,0.48,0.54,1.78,2.3,0.74
199,Troy Williams,11.2,1.63,5.87,1.67,4.17,0.97,0.57,2.23,33.0,25.1,4.17,7.93,0.52,0.54,2.53,3.6,0.7
200,Isaac Haas,11.18,0.52,4.62,1.58,3.05,0.15,0.88,1.65,34.75,17.95,4.03,6.85,0.58,0.58,3.1,4.5,0.68
202,Jordan Taylor,11.12,3.4,3.0,0.75,2.22,0.72,0.05,1.12,34.0,28.8,3.58,8.85,0.37,0.44,2.7,3.45,0.73
203,Sharif Chambliss,11.1,2.35,2.2,0.25,1.95,0.85,0.0,1.55,31.0,29.65,3.5,9.25,0.37,0.51,1.65,1.95,0.79
204,Jordan Bohannon,11.07,3.9,2.13,0.17,1.98,0.73,0.02,1.57,29.83,28.92,3.28,8.65,0.38,0.52,2.02,2.23,0.9
205,Aaron Wiggins,11.07,1.57,4.67,1.07,3.57,0.9,0.37,1.47,32.0,28.37,3.93,9.67,0.4,0.5,1.4,1.77,0.79
206,Trevion Williams,11.05,1.82,7.02,2.8,4.28,0.65,0.5,1.68,32.5,19.25,4.75,8.95,0.53,0.54,1.5,2.82,0.52
207,Xavier Johnson,11.0,5.0,3.55,0.35,3.15,1.2,0.05,2.75,22.5,26.45,3.5,8.5,0.41,0.47,3.1,3.9,0.79
208,Fletcher Loyer,11.0,2.4,1.7,0.1,1.7,0.6,0.1,1.2,35.0,28.9,3.5,9.7,0.37,0.45,2.2,2.8,0.79
209,Drew Neitzel,10.95,4.2,2.0,0.28,1.78,0.72,0.12,1.75,34.5,29.15,3.62,8.78,0.4,0.51,1.8,2.08,0.83
210,Robert Johnson,10.95,2.65,3.78,0.35,3.42,0.8,0.12,2.15,32.25,28.88,3.97,9.05,0.44,0.54,1.15,1.68,0.69
211,Deron Williams,10.93,5.83,3.27,0.47,2.87,1.13,0.23,2.37,33.67,31.57,3.93,9.33,0.42,0.51,1.5,2.13,0.67
212,Kendrick Nunn,10.93,1.57,3.4,0.33,3.07,1.1,0.17,1.33,32.0,28.27,3.97,9.33,0.43,0.52,1.3,1.6,0.81
213,Jaren Jackson Jr.,10.9,1.1,5.8,1.5,4.3,0.6,3.0,1.8,35.0,21.8,3.4,6.6,0.51,0.6,3.0,3.8,0.8
214,Myreon Jones,10.87,1.83,2.13,0.47,1.67,1.03,0.1,1.07,26.67,23.23,3.73,9.33,0.38,0.47,1.67,2.17,0.77
215,Joshua Langford,10.82,1.68,3.12,0.82,2.28,0.55,0.15,1.6,27.5,26.15,3.95,9.2,0.44,0.52,1.45,1.8,0.77
216,Roger Powell Jr.,10.77,0.5,4.7,2.07,2.6,0.53,0.33,1.07,33.67,23.5,4.23,7.33,0.58,0.61,1.9,2.87,0.65
217,D.J. Richardson,10.7,1.82,2.85,0.6,2.25,0.88,0.2,1.4,34.5,31.55,3.6,9.3,0.39,0.5,1.45,1.88,0.78
218,Jon Diebler,10.68,1.9,2.82,0.32,2.52,0.95,0.18,1.18,36.0,32.68,3.28,7.7,0.42,0.58,1.5,1.8,0.82
219,Michael Thompson,10.65,3.2,2.68,0.7,1.88,1.02,0.4,2.0,24.17,30.77,3.63,8.3,0.42,0.49,1.93,3.37,0.6
220,Craig Moore,10.65,2.52,2.45,0.55,1.9,1.15,0.18,1.52,30.25,31.48,3.55,8.6,0.4,0.56,0.95,1.18,0.8
221,Bruce Thornton,10.6,2.6,2.7,0.3,2.5,0.8,0.1,1.3,35.0,30.5,4.0,8.7,0.46,0.52,1.5,2.0,0.73
222,Keith Appling,10.6,3.25,3.02,0.48,2.6,1.08,0.48,2.08,35.5,29.7,3.42,7.98,0.43,0.5,2.72,3.62,0.77
223,Victor Oladipo,10.6,1.67,5.1,2.0,3.13,1.57,0.53,1.93,34.67,24.37,3.9,7.13,0.54,0.57,2.43,3.43,0.7
225,Ronnie Johnson,10.55,3.9,3.1,0.85,2.3,0.75,0.05,2.4,33.0,29.7,3.8,9.55,0.4,0.42,2.55,4.0,0.63
226,Juwan Morgan,10.52,1.18,5.82,2.0,3.8,0.82,1.05,1.27,32.0,22.75,3.95,7.05,0.55,0.59,2.17,3.28,0.7
227,Draymond Green,10.5,2.92,7.55,1.98,5.6,1.27,0.78,1.9,36.25,25.05,3.75,8.07,0.49,0.52,2.38,3.45,0.67
228,Aaron Henry,10.5,2.7,4.67,1.13,3.53,0.9,0.8,2.07,32.33,27.9,3.97,8.77,0.46,0.51,1.77,2.4,0.72
229,Joey Hauser,10.47,1.63,5.97,1.4,4.63,0.37,0.2,1.53,32.33,25.93,3.5,7.47,0.47,0.57,1.9,2.33,0.82
230,Armon Bassett,10.45,3.15,2.5,0.4,2.1,0.8,0.0,1.75,30.5,29.45,3.3,8.0,0.41,0.53,1.9,2.25,0.84
231,Carlos Morris,10.45,1.75,3.35,0.6,2.75,1.3,0.25,1.95,28.5,25.55,3.8,9.05,0.42,0.48,1.85,2.65,0.7
232,Pat Spencer,10.4,3.9,4.1,0.7,3.5,0.8,0.2,2.3,31.0,29.4,3.9,9.0,0.44,0.46,2.1,2.6,0.82
233,Brody Boyd,10.4,1.65,2.05,0.35,1.7,1.75,0.0,1.2,29.5,30.45,3.25,8.3,0.39,0.51,2.0,2.55,0.79
235,Seth Lundy,10.38,0.72,4.53,0.9,3.58,0.7,0.57,1.18,30.5,25.68,3.45,8.4,0.41,0.52,1.65,2.02,0.81
236,Alan Anderson,10.37,2.73,4.13,1.27,2.8,0.9,0.23,2.3,31.67,27.63,3.3,6.43,0.51,0.55,3.27,3.87,0.84
237,Izaiah Brockington,10.35,1.4,3.8,0.95,2.8,0.9,0.15,1.5,28.0,25.25,3.85,8.85,0.44,0.46,2.25,2.85,0.77
238,Dan Coleman,10.35,0.88,4.82,1.58,3.25,0.57,0.88,1.5,31.75,25.88,4.07,9.2,0.44,0.47,1.68,2.22,0.74
239,DeVante Jones,10.3,4.6,4.5,1.1,3.5,0.9,0.1,2.2,33.0,28.8,3.8,8.2,0.46,0.51,1.8,2.3,0.79
240,Deandre Mathieu,10.3,4.25,2.7,0.6,2.1,1.75,0.05,2.15,35.5,29.25,3.8,7.9,0.48,0.52,2.1,2.9,0.74
241,Gabe Kalscheur,10.27,1.47,2.53,0.73,1.8,0.87,0.23,1.3,29.33,31.57,3.4,9.23,0.37,0.48,1.53,1.97,0.77
243,E.J. Stephens,10.2,1.6,3.1,0.5,2.6,0.9,0.1,1.2,29.0,31.9,3.6,8.6,0.42,0.5,1.6,1.9,0.82
244,Donta Scott,10.2,1.32,5.42,1.42,3.97,0.68,0.62,1.23,32.25,29.12,3.68,8.48,0.44,0.51,1.6,2.1,0.77
245,Kris Murray,10.17,1.07,4.27,1.53,2.77,0.63,0.73,0.83,25.67,18.67,3.73,8.03,0.4,0.45,1.53,2.17,0.79
246,Justin Jackson,10.15,1.4,7.05,2.15,4.95,0.85,0.8,2.25,22.0,28.5,3.45,8.65,0.4,0.47,2.1,2.75,0.76
247,Dererk Pardon,10.15,1.1,6.78,2.85,3.97,0.6,1.28,1.15,28.0,27.78,4.05,6.7,0.61,0.61,2.0,3.28,0.59
249,Branden Dawson,10.1,1.38,6.95,2.55,4.42,1.25,1.08,1.65,32.5,26.48,4.38,7.75,0.56,0.56,1.38,2.42,0.57
250,Caleb Houstan,10.1,1.4,4.0,0.8,3.2,0.7,0.2,1.5,34.0,32.0,3.2,8.4,0.38,0.49,1.9,2.4,0.78
252,Jared Reiner,10.1,1.45,7.75,2.4,5.25,0.6,1.0,2.45,20.5,25.3,3.3,6.75,0.49,0.49,3.5,5.0,0.71
253,C.J. Jackson,10.07,3.43,3.47,0.47,3.0,1.0,0.13,1.87,33.33,26.77,3.33,8.17,0.41,0.5,1.9,2.5,0.74
254,James Augustine,10.07,1.08,7.45,2.6,4.85,1.02,1.0,1.45,34.25,27.12,3.9,6.35,0.62,0.62,2.22,3.25,0.69
255,D'Mitrik Trice,10.06,2.96,2.82,0.2,2.64,0.72,0.06,1.42,28.6,29.54,3.46,8.9,0.39,0.48,1.48,1.96,0.76
256,Chucky Hepburn,10.05,2.55,2.45,0.35,2.15,1.3,0.15,1.35,34.0,31.55,3.55,9.35,0.38,0.47,1.4,1.95,0.71
257,Scottie Lindsey,10.02,1.48,3.05,0.52,2.52,0.55,0.35,1.1,31.5,24.15,3.58,8.68,0.42,0.51,1.27,1.58,0.76
258,Marc Loving,10.02,1.05,3.82,1.0,2.82,0.48,0.35,1.72,33.5,25.62,3.08,7.38,0.41,0.5,2.5,3.3,0.76
259,Eron Harris,10.0,1.9,2.8,0.6,2.2,0.35,0.15,1.6,31.0,21.9,3.4,7.9,0.43,0.52,1.8,2.25,0.79
260,Trevon Hughes,10.0,2.08,2.95,0.65,2.28,1.35,0.15,1.68,33.0,25.7,3.12,7.9,0.37,0.46,2.5,3.45,0.72
261,Courtney Sims,9.98,0.57,5.45,1.9,3.55,0.38,1.6,1.98,33.25,23.2,3.82,6.52,0.58,0.59,2.3,3.35,0.68
262,Brandon Taylor,9.98,0.85,5.0,1.15,3.85,0.38,0.7,1.55,32.25,26.08,3.6,9.05,0.39,0.47,1.4,1.82,0.73
263,T.J. Parker,9.97,3.0,2.53,0.73,1.8,1.33,0.07,2.03,29.33,34.7,3.53,8.3,0.43,0.49,1.8,2.5,0.71
264,J.J. Sullinger,9.97,1.43,5.67,1.5,4.2,0.93,0.5,1.47,31.33,27.47,3.67,7.43,0.5,0.55,1.8,3.03,0.61
265,Bronson Koenig,9.95,2.0,1.98,0.4,1.62,0.38,0.2,1.05,37.0,27.65,3.4,8.28,0.42,0.53,1.32,1.62,0.81
266,Je'Kel Foster,9.95,2.75,3.8,0.65,3.2,1.8,0.15,1.55,32.0,29.7,3.3,7.55,0.44,0.59,1.15,1.5,0.73
267,Filip Rebraca,9.95,1.35,6.55,2.4,4.2,0.45,0.8,1.25,34.5,26.4,3.9,6.95,0.55,0.56,2.15,3.25,0.64
268,Aaron Johnson,9.93,0.97,7.97,3.27,4.7,0.53,0.4,2.07,24.33,27.7,3.27,7.7,0.42,0.44,3.23,4.73,0.68
270,Lester Abram,9.9,1.4,4.08,0.92,3.16,0.84,0.24,1.6,24.0,29.02,3.16,7.26,0.43,0.48,2.94,3.5,0.84
271,Toney McCray,9.9,1.3,4.6,1.2,3.4,1.0,0.4,2.2,30.0,27.3,3.7,8.4,0.44,0.51,1.3,1.8,0.73
272,Terone Johnson,9.9,2.25,3.58,1.0,2.58,0.68,0.18,1.5,33.5,26.28,3.7,9.1,0.41,0.46,1.52,2.82,0.55
273,Sam Sessoms,9.9,2.45,2.55,0.45,2.05,1.05,0.1,2.0,27.5,24.15,3.9,9.0,0.43,0.48,1.25,1.7,0.75
274,Jerry Holman,9.9,0.8,5.3,2.4,2.9,0.5,1.6,1.8,33.0,24.6,4.2,7.1,0.59,0.59,1.5,2.2,0.68
275,Ray Gallegos,9.9,1.3,2.55,0.2,2.3,1.1,0.25,0.85,31.5,32.85,3.55,9.85,0.36,0.48,0.55,0.85,0.69
276,Moritz Wagner,9.87,0.47,4.3,1.17,3.13,0.73,0.37,1.1,35.67,20.03,3.7,6.8,0.57,0.62,1.4,2.07,0.66
277,Tre Demps,9.86,2.04,2.42,0.4,2.02,0.38,0.02,1.02,26.4,26.62,3.6,9.52,0.35,0.42,1.3,2.08,0.59
278,Stanley Pringle,9.85,2.55,2.8,0.55,2.25,1.1,0.15,1.8,34.0,26.3,3.45,8.3,0.41,0.5,1.35,1.85,0.72
279,Mike Watkins,9.82,0.57,8.0,2.22,5.78,0.8,2.17,1.32,29.75,22.98,4.05,6.78,0.6,0.6,1.7,2.97,0.57
280,Ta'Lon Cooper,9.8,6.3,4.0,0.6,3.5,1.1,0.9,2.7,31.0,36.7,3.5,8.7,0.4,0.46,1.7,2.8,0.61
281,Daequan Cook,9.8,1.0,4.3,0.7,3.6,0.7,0.3,1.4,39.0,19.7,3.6,8.1,0.44,0.53,1.2,1.7,0.7
282,Ryan Taylor,9.8,1.1,1.9,0.3,1.5,0.7,0.3,0.7,31.0,26.7,3.3,9.4,0.35,0.46,1.2,1.3,0.9
283,Velimir Radinovic,9.8,0.65,6.05,2.6,3.45,0.3,0.7,2.05,30.0,26.6,3.4,5.9,0.58,0.58,3.05,4.25,0.72
284,Mike Bauer,9.8,1.8,5.0,1.6,3.4,0.8,1.55,1.6,31.5,25.35,3.4,8.5,0.4,0.5,1.3,1.85,0.73
285,Akwasi Yeboah,9.8,0.9,4.8,1.2,3.7,0.8,0.5,1.2,31.0,23.8,3.4,7.7,0.44,0.52,1.8,2.4,0.78
286,Jared Swopshire,9.7,2.3,6.7,2.0,4.7,0.8,0.5,1.3,24.0,32.5,3.3,7.3,0.45,0.53,2.0,2.8,0.73
287,Braden Smith,9.7,4.4,4.2,0.7,3.5,1.2,0.2,2.0,35.0,30.3,3.0,6.9,0.44,0.52,2.6,3.0,0.87
288,Jordan Hulls,9.7,2.65,2.33,0.4,1.95,0.85,0.08,1.55,33.75,28.8,3.25,7.02,0.46,0.59,1.3,1.52,0.85
289,Jordan Crawford,9.7,2.3,3.4,1.1,2.2,0.9,0.2,1.9,30.0,25.3,3.6,8.1,0.44,0.5,1.6,2.1,0.75
290,Sean McNeil,9.7,1.3,2.0,0.3,1.7,0.5,0.1,0.9,35.0,29.1,3.4,8.0,0.43,0.54,1.1,1.3,0.89
291,Darius Morris,9.7,4.65,2.9,0.65,2.25,0.8,0.1,2.25,33.5,29.55,3.65,7.85,0.45,0.47,2.0,2.85,0.67
292,Frank Kaminsky,9.68,1.25,4.42,1.23,3.2,0.5,1.02,0.8,36.0,19.7,3.5,6.75,0.48,0.54,1.98,2.58,0.7
293,Derrick Walker,9.67,2.3,5.93,1.8,4.13,0.77,0.8,2.3,25.0,25.9,4.23,6.9,0.62,0.62,1.13,2.0,0.57
294,Justice Sueing,9.67,1.1,4.73,1.23,3.47,0.7,0.2,1.53,22.67,24.7,3.5,8.1,0.43,0.46,2.2,2.8,0.83
295,Devan Dumes,9.65,1.3,2.45,0.45,1.95,0.95,0.1,2.45,28.5,22.85,3.05,8.0,0.37,0.47,1.95,2.75,0.71
296,Andres Feliz,9.65,2.55,3.95,0.8,3.15,0.85,0.0,1.45,32.0,24.55,3.4,7.5,0.46,0.48,2.4,3.1,0.76
297,Clifford Omoruyi,9.63,0.5,7.13,2.03,5.07,0.5,1.37,1.17,29.67,24.63,3.97,7.0,0.59,0.59,1.67,2.9,0.54
298,Kelvin Torbert,9.63,1.73,3.43,1.07,2.37,0.7,0.3,1.33,32.67,26.9,3.37,6.93,0.49,0.54,2.17,2.77,0.79
299,Dalano Banton,9.6,3.9,5.9,1.0,4.9,1.0,0.9,2.5,27.0,27.3,3.3,8.1,0.41,0.46,2.1,3.3,0.66
300,Blake Hoffarber,9.6,2.08,3.18,0.72,2.45,0.7,0.08,1.27,33.0,26.28,3.2,7.3,0.44,0.59,1.12,1.4,0.79
301,Alex Olah,9.57,1.4,5.45,1.48,3.98,0.42,1.48,1.48,30.5,26.28,3.65,7.45,0.48,0.5,2.08,3.0,0.67
302,Jermaine Marshall,9.53,1.37,3.1,0.47,2.63,1.0,0.4,1.63,30.0,23.57,3.2,8.17,0.39,0.46,2.03,2.7,0.71
303,Jayden Epps,9.5,1.5,1.8,0.2,1.6,0.6,0.2,1.3,31.0,24.6,3.6,8.6,0.41,0.48,1.1,1.5,0.78
305,Glen Worley,9.5,1.35,4.85,1.55,3.35,0.8,0.85,2.65,28.0,26.8,3.25,7.5,0.43,0.47,2.45,3.4,0.74
306,Dain Dainja,9.5,0.5,5.5,2.0,3.5,0.8,1.2,1.5,33.0,20.5,4.0,6.2,0.64,0.64,1.6,3.1,0.52
307,Akeem Springs,9.5,1.3,3.0,0.5,2.5,0.6,0.2,0.9,32.0,24.0,3.2,8.4,0.38,0.51,1.0,1.5,0.68
308,Joey King,9.47,1.2,3.17,0.9,2.27,0.47,0.33,1.1,33.0,26.97,3.03,6.77,0.46,0.56,1.87,2.23,0.84
309,Jordan Poole,9.45,1.4,2.2,0.15,2.05,0.8,0.2,1.1,37.5,22.8,3.2,7.3,0.43,0.54,1.55,1.9,0.83
310,Jake Kelly,9.45,2.55,2.6,0.5,2.1,0.8,0.3,2.5,32.0,29.05,3.35,7.7,0.43,0.5,1.7,2.1,0.8
311,David Lighty,9.42,2.32,4.02,1.28,2.74,1.26,0.34,1.84,31.4,29.92,3.32,7.22,0.45,0.51,1.86,3.08,0.62
313,Keisei Tominaga,9.4,0.65,1.55,0.3,1.25,0.7,0.05,0.55,31.0,20.8,3.4,7.45,0.44,0.55,0.95,1.15,0.86
314,Duncan Robinson,9.37,1.27,2.53,0.47,2.1,0.57,0.27,0.7,38.33,24.93,3.13,6.87,0.46,0.61,1.07,1.2,0.85
315,Adam Boone,9.35,4.4,3.1,0.55,2.6,1.35,0.3,2.25,30.5,33.7,3.0,8.25,0.37,0.46,1.65,2.3,0.73
316,Lawrence Westbrook,9.35,1.65,2.25,0.6,1.65,0.65,0.08,1.88,30.25,21.2,3.2,7.35,0.42,0.5,1.88,2.35,0.75
317,Isaiah Livers,9.32,1.05,4.05,0.88,3.18,0.5,0.55,0.82,29.75,25.2,3.25,7.05,0.47,0.57,1.3,1.5,0.82
318,Jon Octeus,9.3,2.6,4.9,1.6,3.4,1.0,0.2,1.5,34.0,28.8,3.0,6.1,0.49,0.53,2.9,3.9,0.72
319,Jamar Butler,9.3,4.1,2.52,0.48,2.08,0.98,0.08,1.75,34.75,30.02,2.98,7.2,0.4,0.51,1.68,1.95,0.87
320,Max Christie,9.3,1.5,3.5,0.9,2.6,0.5,0.5,1.5,35.0,30.8,3.2,8.4,0.38,0.45,1.7,2.1,0.82
321,Zach Williams,9.3,1.2,5.2,2.2,3.0,0.6,0.2,2.4,31.0,32.1,3.5,7.8,0.44,0.44,2.4,3.9,0.62
322,Kammron Taylor,9.28,1.5,1.95,0.35,1.6,0.48,0.08,1.62,29.75,23.35,2.85,7.2,0.39,0.46,2.33,2.92,0.8
323,Mike Davis,9.28,1.23,6.55,1.58,4.97,0.55,0.6,1.2,34.5,26.6,4.03,7.93,0.49,0.49,1.2,1.88,0.62
324,Pete Nance,9.28,1.72,5.25,0.85,4.4,0.38,0.78,1.23,26.75,23.75,3.6,7.93,0.43,0.5,1.08,1.48,0.66
325,Reggie Lynch,9.25,0.9,7.05,2.6,4.45,0.6,3.8,1.45,24.5,24.75,3.5,6.15,0.56,0.56,2.3,3.35,0.68
326,Marshall Strickland,9.22,2.62,3.05,0.68,2.4,0.92,0.12,1.88,30.25,31.0,3.02,7.48,0.4,0.5,1.68,2.1,0.79
327,Austin Hollins,9.2,2.08,3.12,1.18,1.95,1.5,0.38,1.4,35.25,27.05,3.12,7.3,0.43,0.51,1.65,2.12,0.77
328,Jalen Coleman-Lands,9.15,0.95,2.1,0.25,1.85,0.65,0.1,1.05,34.5,25.25,3.05,7.75,0.39,0.54,0.8,1.0,0.8
329,Brandon Ubel,9.1,1.45,6.0,2.45,3.6,0.5,0.55,1.45,30.5,30.6,3.35,6.75,0.5,0.51,2.3,2.8,0.81
330,Adreian Payne,9.1,0.62,5.38,1.5,3.82,0.57,1.03,1.38,34.5,20.15,3.28,6.3,0.52,0.55,2.05,2.7,0.71
331,CJ Walker,9.1,3.95,3.15,0.35,2.8,1.1,0.1,1.85,29.0,29.5,3.0,7.25,0.42,0.47,2.35,2.65,0.88
332,Durrell Summers,9.1,0.7,3.68,1.2,2.5,0.52,0.2,1.38,36.25,21.95,3.28,7.58,0.45,0.51,1.42,1.92,0.74
333,Mike Williams,9.08,1.1,3.72,1.38,2.35,0.85,0.45,1.1,29.75,24.7,3.12,8.38,0.37,0.43,1.75,2.22,0.77
334,Moussa Diabate,9.0,0.8,6.0,2.4,3.6,0.3,0.9,1.5,32.0,24.9,3.7,6.8,0.54,0.55,1.6,2.6,0.62
335,Mike Smith,9.0,5.3,2.8,0.4,2.3,0.5,0.0,2.1,28.0,31.6,3.1,7.5,0.41,0.49,1.6,2.1,0.79
336,Jahaad Proctor,9.0,1.7,2.3,0.3,2.0,1.0,0.1,1.0,31.0,25.6,3.2,7.9,0.4,0.46,1.8,2.2,0.81
337,Ben Johnson,9.0,2.2,2.7,0.75,1.95,0.95,0.05,1.6,29.5,25.65,3.3,6.7,0.48,0.54,1.6,1.9,0.83
339,Mike Tisdale,8.93,0.75,4.55,1.62,2.92,0.28,1.25,1.22,34.75,22.32,3.55,6.65,0.53,0.54,1.6,2.02,0.77
340,Isaiah Moss,8.93,1.53,2.23,0.47,1.77,0.73,0.27,1.23,34.0,21.8,3.17,7.73,0.41,0.49,1.33,1.6,0.8
341,Nick Williams,8.9,0.7,4.5,1.4,3.1,0.8,0.1,2.2,31.0,26.5,3.5,7.8,0.46,0.47,1.5,2.1,0.74
342,Camren Wynter,8.9,2.0,2.9,0.4,2.5,0.5,0.0,1.3,37.0,28.2,3.4,7.1,0.48,0.54,1.2,1.7,0.73
343,Brandon Johnson,8.9,0.7,6.3,2.1,4.1,0.8,0.7,0.7,28.0,25.8,2.9,6.4,0.46,0.5,2.5,3.5,0.71
344,Aaron Craft,8.88,4.68,3.32,0.48,2.88,2.28,0.15,2.2,37.0,32.58,2.95,6.5,0.46,0.51,2.33,3.15,0.74
345,Marcus Landry,8.85,1.25,4.08,1.52,2.6,0.55,0.8,1.48,30.25,23.82,3.42,6.95,0.49,0.53,1.55,2.3,0.67
346,CJ Fredrick,8.85,2.35,1.5,0.4,1.1,0.55,0.15,0.85,26.0,26.7,3.1,6.4,0.48,0.6,1.15,1.55,0.74
347,Xavier Tillman,8.83,1.63,6.73,2.07,4.67,0.8,1.5,1.33,35.0,21.6,3.37,5.83,0.6,0.61,1.87,2.73,0.68
349,Dupree McBrayer,8.82,2.65,2.15,0.25,1.9,0.98,0.2,1.27,30.75,27.82,2.82,7.52,0.37,0.44,2.12,3.12,0.68
350,Brandon Wood,8.8,1.9,2.8,0.9,1.9,0.6,0.2,1.0,37.0,26.9,3.4,7.3,0.46,0.55,0.8,1.2,0.62
351,Byron Mullens,8.8,0.3,4.7,1.7,3.0,0.5,1.1,1.5,33.0,20.3,3.6,5.7,0.64,0.64,1.6,2.8,0.56
352,Muhammad-Ali Abdur-Rahkman,8.78,1.95,2.78,0.57,2.2,0.75,0.15,0.9,36.0,28.08,3.15,7.05,0.44,0.51,1.45,1.9,0.79
353,Josh Reaves,8.75,2.5,4.42,1.48,2.95,2.02,0.8,1.78,30.25,28.48,3.28,7.58,0.43,0.49,1.3,1.83,0.71
354,Trey McGowens,8.75,1.9,4.0,0.65,3.3,1.5,0.15,1.9,22.0,27.6,2.8,7.1,0.4,0.45,2.35,3.65,0.64
355,Brandon McKnight,8.73,3.03,2.77,0.57,2.2,0.93,0.13,1.77,29.0,29.93,3.37,8.73,0.4,0.42,1.47,2.0,0.73
356,Tai Webster,8.72,2.28,3.3,0.68,2.6,1.08,0.18,2.1,31.75,25.88,3.0,7.22,0.39,0.43,2.12,3.0,0.71
357,Brian Butch,8.68,0.75,5.25,1.75,3.48,0.45,0.6,1.1,31.0,19.48,3.2,6.9,0.46,0.5,1.68,2.72,0.62
358,Darryl Morsell,8.68,2.17,4.05,1.15,2.92,0.75,0.48,1.98,31.5,28.12,3.3,7.28,0.45,0.48,1.7,2.4,0.69
359,Jason Bohannon,8.68,1.6,2.65,0.5,2.15,0.5,0.18,0.98,33.75,27.8,2.72,6.38,0.43,0.55,1.7,1.98,0.85
360,Miller Kopp,8.68,1.14,2.74,0.5,2.24,0.6,0.22,1.06,31.4,27.24,3.02,7.4,0.4,0.5,1.2,1.48,0.83
361,Nate Reuvers,8.65,0.78,3.42,1.0,2.42,0.35,1.48,1.1,31.0,21.68,3.28,7.65,0.42,0.47,1.35,1.75,0.76
363,Justin Johnson,8.6,1.6,3.6,0.75,2.8,0.5,0.45,1.45,31.5,27.75,2.85,7.8,0.37,0.52,0.7,0.95,0.73
364,Dug McDaniel,8.6,3.6,3.1,0.3,2.8,1.1,0.0,1.6,34.0,30.7,3.1,8.0,0.38,0.44,1.6,2.0,0.77
365,Bishop Daniels,8.6,2.35,2.95,0.5,2.5,0.85,0.45,2.6,30.0,26.0,3.2,8.2,0.39,0.42,1.7,2.45,0.7
366,Ryan Young,8.6,1.27,5.03,1.7,3.3,0.47,0.4,1.33,28.67,20.57,3.27,5.87,0.56,0.56,2.03,2.93,0.69
367,Will Sheehey,8.57,1.15,3.18,1.15,2.02,0.65,0.22,1.33,32.5,22.2,3.25,6.72,0.49,0.53,1.45,2.12,0.67
368,Devoe Joseph,8.57,2.67,2.33,0.43,1.87,0.73,0.07,1.83,25.33,22.43,3.03,7.63,0.4,0.49,1.07,1.53,0.63
369,Julian Reese,8.55,0.7,5.8,2.4,3.45,0.6,0.95,1.55,33.0,22.35,3.35,6.0,0.54,0.56,1.7,2.8,0.67
370,Trevor Thompson,8.55,0.3,7.15,2.2,4.95,0.35,1.35,1.3,33.5,20.45,3.15,5.7,0.55,0.55,2.25,3.1,0.74
371,Aljami Durham,8.55,2.0,2.25,0.22,2.02,0.5,0.2,1.32,30.75,26.58,2.62,6.45,0.41,0.49,2.2,2.85,0.76
372,Tracy Abrams,8.55,2.7,3.05,0.55,2.5,1.0,0.12,1.85,34.5,26.0,2.88,7.48,0.39,0.45,1.95,2.65,0.72
373,Scott Martin,8.5,1.4,3.8,1.3,2.5,1.0,0.7,1.5,32.0,21.9,2.6,7.0,0.37,0.43,2.4,3.5,0.7
374,Mitch McGary,8.5,1.05,7.3,2.7,4.6,1.5,0.75,1.4,23.5,22.25,3.6,6.3,0.57,0.57,1.3,2.15,0.55
375,LaQuinton Ross,8.5,0.47,3.07,0.9,2.17,0.37,0.3,1.2,27.0,16.6,2.97,6.63,0.42,0.48,1.87,2.47,0.79
376,Kobe Bufkin,8.5,1.6,2.8,0.55,2.3,0.85,0.4,1.2,30.5,22.3,3.15,6.85,0.43,0.49,1.4,1.7,0.81
377,Bryce Cartwright,8.45,5.35,2.5,0.45,2.05,0.9,0.05,2.9,31.5,27.4,3.25,8.6,0.37,0.39,1.6,2.2,0.72
378,Trent Meacham,8.43,2.23,1.97,0.23,1.73,0.7,0.07,1.23,34.33,26.07,2.7,6.53,0.4,0.54,1.37,1.73,0.79
380,Freddie Owens,8.4,1.3,2.3,0.65,1.65,0.55,0.0,1.3,30.5,27.1,3.0,7.1,0.42,0.47,1.7,2.35,0.69
381,Max Klesmit,8.4,1.4,2.7,0.3,2.3,1.2,0.2,1.0,33.0,32.1,2.8,6.5,0.42,0.53,1.5,2.1,0.7
382,Justin Smith,8.37,0.63,4.3,1.67,2.57,0.6,0.33,1.53,32.67,23.37,3.37,6.63,0.51,0.53,1.43,2.3,0.62
383,Rodney Williams,8.35,1.45,3.92,1.45,2.45,0.78,1.02,1.27,33.5,24.15,3.28,6.45,0.51,0.54,1.48,2.5,0.56
384,Rocket Watts,8.35,2.2,2.0,0.2,1.8,0.3,0.0,1.5,27.5,22.45,3.15,8.75,0.36,0.42,1.0,1.3,0.79
385,Melsahn Basabe,8.3,0.35,5.6,1.98,3.58,0.43,1.08,1.35,34.0,20.23,3.2,5.95,0.53,0.54,1.9,2.78,0.68
386,Andre Curbelo,8.3,3.7,3.55,0.55,3.0,0.8,0.1,2.7,25.0,20.4,3.05,7.45,0.41,0.43,1.95,2.65,0.74
387,Adam Miller,8.3,0.8,2.8,0.3,2.5,0.6,0.0,1.1,31.0,25.5,2.9,7.4,0.39,0.5,0.8,1.2,0.68
388,Walter Pitchford,8.25,0.5,4.65,1.05,3.6,0.35,0.55,0.8,31.0,25.15,3.0,7.15,0.43,0.52,0.8,1.3,0.59
389,Mohamed Hachad,8.25,1.75,3.8,0.98,2.82,1.5,0.3,1.98,27.75,26.1,3.22,6.82,0.46,0.51,1.2,2.17,0.53
390,Tony Freeman,8.23,2.83,2.43,0.4,2.03,0.9,0.07,2.37,28.67,25.5,2.6,6.9,0.37,0.48,1.5,2.2,0.67
391,Jervay Green,8.2,1.9,4.2,0.7,3.5,0.9,0.2,1.9,28.0,24.6,3.1,7.8,0.4,0.47,0.9,1.7,0.5
392,Leron Black,8.2,0.48,5.05,1.58,3.48,0.35,0.22,1.12,25.5,18.7,3.38,6.92,0.47,0.49,1.2,1.6,0.68
393,JerShon Cobb,8.2,1.6,3.2,0.35,2.8,0.8,0.12,1.3,23.5,25.12,2.88,7.05,0.41,0.48,1.45,1.9,0.74
394,Pharrel Payne,8.2,1.3,5.2,1.6,3.6,0.5,1.1,2.1,30.0,22.0,3.2,4.7,0.69,0.69,1.8,3.6,0.49
395,Jamal Mashburn Jr.,8.2,1.6,1.6,0.2,1.3,0.4,0.1,1.0,29.0,22.1,2.9,8.4,0.35,0.4,1.5,1.9,0.8
396,Zach Morley,8.15,1.75,5.25,1.4,3.85,0.85,0.35,1.55,32.5,24.0,3.0,6.3,0.48,0.53,1.5,2.15,0.7
397,Spencer Tollackson,8.15,1.02,3.8,1.58,2.17,0.55,0.6,1.42,29.75,20.75,3.4,6.45,0.52,0.52,1.3,2.58,0.47
398,Ralph Sampson III,8.15,1.55,5.0,1.52,3.48,0.4,1.6,1.35,31.25,24.72,3.18,6.55,0.49,0.49,1.75,2.42,0.75
399,Giorgi Bezhanishvili,8.13,0.93,4.23,1.83,2.4,0.33,0.5,1.7,31.67,21.27,3.33,6.6,0.51,0.52,1.3,2.03,0.63
400,Keyshawn Woods,8.1,2.5,3.1,0.4,2.7,0.7,0.1,1.3,35.0,27.5,3.1,7.3,0.42,0.47,1.1,1.4,0.82
401,Luke Loewe,8.1,2.4,2.4,0.4,1.9,0.6,0.0,1.0,30.0,35.0,3.0,7.5,0.4,0.47,1.0,1.3,0.75
402,Michael Finke,8.07,0.93,4.17,1.6,2.6,0.23,0.23,0.87,31.0,21.7,3.03,6.5,0.47,0.56,0.8,1.37,0.6
403,Montez Mathis,8.07,1.03,3.07,0.83,2.2,0.8,0.2,1.13,30.0,22.23,2.97,7.8,0.38,0.42,1.47,2.47,0.6
404,Devonte Green,8.05,2.17,2.45,0.28,2.17,0.95,0.28,1.82,30.0,21.22,2.7,6.98,0.39,0.49,1.32,1.82,0.71
405,Josh Newkirk,8.05,3.0,2.6,0.55,2.05,0.55,0.25,2.0,32.5,25.7,2.9,6.9,0.41,0.48,1.4,1.85,0.75
406,Jamar Smith,8.05,1.6,1.65,0.5,1.1,0.7,0.05,1.0,26.5,20.85,2.6,6.65,0.4,0.55,0.9,1.2,0.75
407,C.J. Wilcher,8.05,1.1,2.35,0.5,1.85,0.7,0.15,1.25,32.0,25.9,2.95,6.8,0.43,0.54,0.7,1.1,0.63
408,Zack Novak,8.05,1.6,4.53,1.12,3.42,0.72,0.12,0.85,33.5,32.53,2.6,6.55,0.4,0.52,1.18,1.52,0.77
409,Eugene Omoruyi,8.03,1.47,4.8,1.83,2.97,0.7,0.47,1.67,31.0,20.97,2.97,6.73,0.42,0.43,1.87,2.97,0.63
410,Tim Doyle,8.03,3.77,3.5,0.7,2.8,1.27,0.23,2.23,30.33,29.43,2.97,6.27,0.46,0.49,1.77,2.5,0.7
411,Kam Williams,8.02,0.78,1.75,0.28,1.45,0.62,0.12,0.6,33.25,22.62,2.98,6.72,0.44,0.54,0.78,0.88,0.88
412,Mike Gesell,8.0,4.18,2.42,0.4,2.08,1.2,0.18,1.7,33.5,26.05,2.88,7.25,0.39,0.44,1.58,2.17,0.72
413,OG Anunoby,8.0,0.95,4.0,1.5,2.55,1.05,1.05,1.2,25.0,19.4,3.1,5.5,0.56,0.62,1.15,2.1,0.52
414,Chaundee Brown,8.0,0.6,3.1,0.8,2.3,0.1,0.3,0.8,28.0,20.6,3.0,6.1,0.49,0.6,0.7,1.0,0.69
415,Dakota Mathias,8.0,2.85,3.08,0.15,2.9,0.72,0.12,1.1,35.25,25.42,2.7,6.25,0.42,0.56,0.82,1.02,0.8
416,Ben Brust,7.98,1.1,3.08,0.62,2.45,0.65,0.05,0.65,31.0,23.35,2.75,6.7,0.37,0.48,0.88,1.05,0.8
417,Travis Trice,7.98,2.78,2.05,0.3,1.75,0.9,0.12,1.32,33.5,22.92,2.6,6.75,0.38,0.49,1.32,1.83,0.71
418,Goran Suton,7.95,1.58,6.52,2.28,4.28,0.82,0.65,1.75,33.5,23.75,3.2,6.18,0.51,0.53,1.38,1.82,0.75
419,Zed Key,7.93,0.53,5.5,2.17,3.33,0.3,0.83,1.1,28.33,18.77,3.17,5.53,0.58,0.58,1.53,2.57,0.6
420,Jeff Peterson,7.9,3.65,2.2,0.3,1.9,0.9,0.0,3.15,27.5,28.95,2.4,6.1,0.39,0.44,2.35,2.95,0.78
421,Shaun Pruitt,7.9,0.38,5.2,2.17,3.0,0.32,0.4,1.42,30.75,19.38,3.12,5.75,0.51,0.51,1.62,3.1,0.52
422,Isaiah Roby,7.87,1.43,5.37,1.6,3.77,0.8,1.57,1.57,32.33,23.47,2.8,5.9,0.47,0.51,1.77,2.53,0.72
423,Meyers Leonard,7.85,0.75,4.7,1.3,3.4,0.35,1.15,1.45,32.5,20.0,3.05,5.45,0.53,0.53,1.65,2.25,0.72
424,Sasha Stefanovic,7.82,1.92,2.15,0.15,2.05,0.68,0.2,1.08,32.0,24.45,2.35,5.98,0.4,0.55,1.27,1.58,0.72
426,Othello Hunter,7.8,0.55,5.5,2.35,3.15,0.5,1.3,1.0,38.0,22.35,3.3,5.65,0.58,0.58,1.2,2.0,0.61
427,George Leach,7.8,0.45,5.5,1.8,3.7,0.35,2.4,1.3,26.0,24.05,3.1,5.95,0.52,0.52,1.7,2.5,0.66
428,Matt Kiefer,7.75,1.2,4.7,1.9,2.8,0.6,0.7,1.65,28.0,22.48,2.9,6.32,0.47,0.49,1.62,2.6,0.64
429,A.J. Moye,7.75,1.15,5.15,2.1,3.1,0.55,0.2,1.4,31.0,25.5,2.8,5.75,0.51,0.54,1.7,2.45,0.68
430,Qudus Wahab,7.7,0.4,5.6,1.7,3.9,0.2,0.8,1.3,32.0,19.3,3.0,5.3,0.56,0.56,1.8,2.6,0.67
431,C.J. Gettys,7.7,1.2,5.2,2.0,3.2,0.4,0.8,1.6,33.0,22.0,3.2,5.9,0.54,0.54,1.3,1.9,0.67
432,Ahmad Starks,7.7,2.2,1.6,0.2,1.4,0.7,0.1,1.1,33.0,24.1,2.8,8.0,0.34,0.43,0.8,0.9,0.83
433,Micah Potter,7.7,0.6,4.4,1.42,3.02,0.35,0.62,1.02,27.75,15.98,2.75,5.58,0.49,0.56,1.38,1.7,0.78
434,Rapheal Davis,7.68,1.78,3.98,1.1,2.85,0.55,0.28,1.32,32.75,24.6,2.52,5.85,0.44,0.48,2.08,2.85,0.73
435,Payton Sandfort,7.65,1.05,3.0,0.9,2.1,0.35,0.15,0.6,33.5,15.65,2.65,6.45,0.41,0.52,0.95,1.15,0.9
436,Chris Lutz,7.65,1.9,1.95,0.25,1.7,0.6,0.15,1.65,31.0,26.25,2.5,6.25,0.42,0.58,0.8,1.1,0.71
437,Zavier Simpson,7.65,4.8,3.32,0.42,2.9,1.05,0.08,1.8,36.5,25.68,2.92,6.42,0.44,0.49,1.12,1.9,0.62
438,Earl Calloway,7.65,3.4,2.75,0.45,2.35,1.2,0.1,1.8,29.0,23.6,2.5,5.4,0.46,0.51,2.1,2.7,0.78
439,Chris Allen,7.63,1.3,2.07,0.7,1.4,0.4,0.07,1.2,35.33,19.5,2.6,6.7,0.39,0.49,1.1,1.43,0.77
440,Tyler Wahl,7.62,1.6,4.78,1.35,3.42,1.0,0.52,1.45,31.5,25.52,2.92,6.38,0.45,0.48,1.52,2.42,0.57
441,Kendall Stephens,7.6,1.1,1.8,0.27,1.5,0.4,0.3,0.8,30.0,19.03,2.4,6.87,0.35,0.49,0.87,1.17,0.74
442,Matt Haarms,7.6,0.87,4.4,1.53,2.83,0.23,2.07,1.07,34.0,20.13,2.97,5.17,0.58,0.6,1.43,2.2,0.62
443,Omari Grier,7.6,0.7,1.5,0.4,1.1,0.4,0.1,1.0,31.0,21.0,2.5,5.8,0.44,0.53,1.5,1.7,0.83
444,Jereme Richmond,7.6,1.8,5.0,1.7,3.3,0.4,0.4,1.7,31.0,22.1,3.4,6.4,0.53,0.53,0.8,1.4,0.6
445,Armaan Franklin,7.55,1.7,2.85,0.35,2.55,0.75,0.15,1.55,27.0,21.95,2.6,6.35,0.39,0.47,1.3,1.85,0.68
446,Danny Morrissey,7.55,1.6,2.22,0.5,1.75,0.5,0.08,1.32,31.75,22.55,2.5,6.08,0.41,0.56,0.8,1.05,0.73
447,Keaton Grant,7.52,1.8,2.8,0.65,2.1,0.82,0.3,1.52,34.5,24.72,2.4,6.18,0.38,0.48,1.42,1.95,0.72
448,Deyonta Davis,7.5,0.7,5.5,2.1,3.4,0.3,1.8,0.9,35.0,18.6,3.4,5.7,0.6,0.6,0.7,1.1,0.6
449,Hakim Hart,7.5,1.72,2.95,0.57,2.35,0.88,0.2,0.85,29.0,23.9,2.58,5.55,0.42,0.49,1.48,1.9,0.77
450,A.J. Hoggard,7.47,4.23,2.63,0.27,2.37,0.63,0.33,1.9,32.0,21.33,2.6,6.37,0.39,0.41,1.9,2.63,0.68
451,Eli Brooks,7.44,2.02,2.56,0.38,2.18,0.76,0.14,0.94,31.8,24.4,2.66,6.38,0.39,0.47,1.04,1.22,0.78
452,Junior Etou,7.4,0.6,6.6,1.5,5.2,0.4,0.4,1.2,31.0,29.6,2.6,6.7,0.39,0.45,1.5,2.2,0.66
453,Aloysius Anagonye,7.4,1.1,5.3,2.0,3.3,0.6,0.6,1.7,35.0,22.6,2.8,4.5,0.62,0.62,1.9,2.7,0.69
454,Donald Carey,7.4,1.1,1.9,0.3,1.6,0.5,0.1,0.9,35.0,24.9,2.4,6.3,0.38,0.51,1.0,1.1,0.85
455,Joshua Ola-Joseph,7.4,0.4,2.7,1.0,1.7,0.4,0.4,1.4,31.0,22.1,3.1,5.7,0.55,0.57,0.9,1.6,0.57
456,Winston Blake,7.3,2.0,3.9,1.1,2.8,0.7,0.1,1.8,28.0,27.0,2.4,7.1,0.33,0.41,1.5,2.1,0.68
457,Malik Smith,7.3,1.1,1.6,0.0,1.6,0.6,0.1,0.7,36.0,19.0,2.1,6.2,0.35,0.48,1.4,1.8,0.78
458,Sean Harrington,7.3,2.0,2.3,0.1,2.2,0.9,0.0,0.8,32.0,22.4,2.4,5.3,0.44,0.63,0.6,0.9,0.63
459,Luther Muhammad,7.3,1.5,2.5,0.5,2.0,0.95,0.1,1.25,32.0,25.8,2.25,5.95,0.38,0.47,1.65,2.1,0.8
460,Jon Ekey,7.3,0.3,4.8,1.7,3.1,0.9,0.3,0.5,35.0,26.1,2.6,6.4,0.41,0.54,0.5,0.6,0.76
461,Joe Coleman,7.25,1.3,3.3,1.05,2.25,0.85,0.25,1.7,36.0,22.55,2.65,5.7,0.46,0.47,1.75,2.5,0.7
462,Lat Mayen,7.25,0.65,4.2,0.7,3.45,0.45,0.45,1.25,29.0,24.6,2.55,6.55,0.39,0.49,0.8,1.05,0.76
463,Josh Gasser,7.22,1.95,3.9,0.85,3.05,0.68,0.15,0.85,37.0,32.15,2.1,4.68,0.45,0.56,1.98,2.35,0.83
464,Sean Sutherlin,7.2,1.0,3.6,0.5,3.1,0.8,0.3,1.1,28.0,22.0,2.6,5.4,0.48,0.49,2.0,2.8,0.7
465,Steven Crowl,7.2,1.4,4.03,1.1,2.9,0.2,0.3,0.93,26.67,19.73,2.9,5.8,0.5,0.53,0.87,1.23,0.72
466,Myles Dread,7.18,1.38,2.54,0.46,2.06,0.74,0.16,0.72,30.8,25.5,2.38,6.34,0.38,0.53,0.52,0.74,0.7
467,Payton Banks,7.17,0.77,2.6,0.57,2.03,0.47,0.17,0.93,31.0,21.4,2.4,6.6,0.34,0.44,1.07,1.47,0.68
468,Kobe Webster,7.15,1.3,1.6,0.1,1.5,0.55,0.0,0.9,28.5,21.55,2.5,6.6,0.38,0.49,0.7,1.1,0.66
469,Roderick Wilmont,7.12,0.57,3.68,1.12,2.6,0.8,0.2,0.77,29.5,19.45,2.58,6.45,0.38,0.47,0.75,1.23,0.55
470,Patrick McCaffery,7.12,1.0,3.08,0.88,2.17,0.57,0.32,0.52,23.0,18.67,2.65,6.65,0.39,0.44,1.15,1.58,0.73
471,Alihan Demir,7.1,1.5,5.0,1.4,3.6,0.5,0.4,0.9,31.0,24.8,2.7,6.6,0.41,0.44,1.3,1.7,0.77
472,Kevin Cross,7.1,1.2,3.9,0.9,3.0,0.3,0.4,1.2,32.0,18.3,2.6,7.6,0.34,0.41,0.9,1.4,0.68
473,Damian Johnson,7.1,1.42,3.65,1.45,2.22,1.48,1.48,1.15,31.75,21.15,2.72,5.5,0.47,0.5,1.35,2.12,0.6
474,Tony Perkins,7.1,1.7,2.6,0.9,1.73,0.83,0.17,0.9,30.67,18.03,2.63,5.93,0.45,0.48,1.47,2.0,0.68
475,Gordon Watt,7.1,1.4,4.9,1.9,3.1,1.0,0.6,1.5,34.0,24.4,2.7,5.9,0.47,0.5,1.2,2.2,0.54
476,Jacob Grandison,7.1,1.8,3.6,1.05,2.55,0.4,0.15,1.0,30.0,20.15,2.55,5.35,0.49,0.6,0.8,0.95,0.89
477,Derek Simpson,7.1,1.5,1.6,0.4,1.2,0.8,0.1,0.9,34.0,20.1,2.7,7.2,0.37,0.4,1.4,1.7,0.79
479,Lenzelle Smith Jr.,7.05,1.38,3.82,0.98,2.85,0.62,0.08,0.95,32.75,21.55,2.45,5.55,0.44,0.51,1.3,1.82,0.73
480,Sam Thompson,7.0,1.08,2.8,0.62,2.15,0.72,0.75,0.88,36.5,23.2,2.65,5.6,0.48,0.52,1.2,1.8,0.64
483,Brian Randle,7.0,1.12,4.55,1.7,2.88,0.72,0.45,1.42,30.25,22.28,2.7,5.42,0.51,0.53,1.32,2.33,0.56
486,Brandon Richardson,7.0,3.3,3.1,0.2,2.9,1.8,0.1,1.8,30.0,31.0,2.2,5.5,0.4,0.48,1.8,2.1,0.83
487,Ty Berry,7.0,1.03,2.87,0.37,2.47,0.97,0.1,0.67,29.0,21.63,2.33,6.3,0.38,0.49,0.9,1.27,0.69
488,Gabe Brown,6.98,0.55,2.82,0.73,2.1,0.38,0.32,0.55,31.0,19.88,2.4,5.48,0.43,0.55,0.92,1.02,0.87
489,Sean Sonderleiter,6.95,1.1,4.2,1.6,2.65,0.55,0.6,1.75,22.5,19.45,2.5,4.65,0.56,0.56,1.85,3.05,0.61
490,Chris Hunter,6.95,0.55,3.52,1.3,2.25,0.45,0.85,1.45,26.25,18.2,2.35,5.03,0.47,0.5,1.92,2.55,0.76
491,Jason Burke,6.9,2.7,3.6,0.7,3.0,0.8,0.6,1.8,29.0,32.1,1.8,4.3,0.42,0.51,2.4,3.3,0.75
492,A.J. Turner,6.9,2.15,2.25,0.15,2.1,0.5,0.3,1.2,31.0,27.15,2.4,6.35,0.37,0.45,1.2,1.6,0.69
493,Jordan Morgan,6.88,0.45,5.08,1.98,3.1,0.5,0.32,1.23,35.5,21.1,2.95,4.7,0.63,0.63,0.98,1.7,0.56
494,Eric Hunter Jr.,6.88,2.12,2.25,0.65,1.55,0.78,0.1,1.38,32.0,25.12,2.45,6.1,0.39,0.46,1.15,1.58,0.74
495,Stu Douglass,6.88,2.15,2.3,0.3,2.0,0.82,0.12,1.15,34.0,28.75,2.45,6.42,0.38,0.5,0.52,0.73,0.63
496,Myles Johnson,6.87,0.97,7.37,2.9,4.47,0.77,1.53,1.27,30.0,21.97,3.0,5.03,0.6,0.6,0.8,2.07,0.4
497,Malik Hall,6.85,1.2,4.2,1.38,2.82,0.45,0.28,1.12,29.5,20.23,2.45,5.03,0.49,0.54,1.45,1.95,0.74
498,Aaron Fuller,6.85,0.55,4.45,1.85,2.55,0.4,0.3,1.3,31.0,20.8,2.5,5.7,0.42,0.47,1.4,2.25,0.56
499,Ryan Evans,6.85,1.18,4.85,1.27,3.58,0.5,0.57,1.18,34.5,21.1,2.7,6.58,0.4,0.4,1.42,2.38,0.63
500,Caleb McConnell,6.82,1.86,4.26,1.06,3.22,1.56,0.32,1.44,28.4,24.68,2.54,6.64,0.39,0.43,1.18,1.6,0.74
501,Kevin Dorsey,6.8,1.4,2.3,0.4,1.9,0.5,0.2,1.4,26.0,18.6,2.2,6.2,0.36,0.38,2.1,2.9,0.72
502,Caleb Walker,6.8,1.2,4.0,0.8,3.2,0.5,0.2,1.5,30.0,25.2,2.6,5.7,0.45,0.51,1.0,1.6,0.61
503,Jamarcus Ellis,6.8,3.4,7.0,1.7,5.3,1.5,0.6,2.4,32.0,30.6,2.4,6.0,0.41,0.45,1.5,2.0,0.74
504,Both Gach,6.8,1.9,3.7,0.5,3.2,0.6,0.1,1.6,29.0,22.7,2.3,5.8,0.4,0.46,1.4,1.8,0.81
505,Darmetreis Kilgore,6.8,0.6,2.4,0.7,1.8,0.6,0.1,0.9,28.0,16.3,2.4,6.4,0.37,0.44,1.2,1.6,0.75
506,Aubrey Dawkins,6.75,0.45,2.3,0.65,1.6,0.35,0.15,0.6,33.0,18.25,2.45,4.95,0.49,0.62,0.65,0.8,0.8
507,Ed Morrow,6.75,0.2,5.4,2.35,3.05,0.15,0.9,1.5,27.0,18.55,2.8,5.15,0.58,0.58,1.1,1.85,0.59
508,Paul Mulcahy,6.72,3.78,3.38,0.9,2.48,0.9,0.32,1.78,30.25,27.52,2.52,5.6,0.47,0.53,1.08,1.45,0.7
509,Jeff Brooks,6.72,1.2,4.05,1.3,2.75,0.45,0.62,1.15,33.0,21.92,2.72,5.65,0.45,0.49,0.9,1.42,0.56
510,Kevin Burleson,6.7,4.8,3.1,0.5,2.6,1.7,0.5,2.5,33.0,29.7,2.0,5.2,0.38,0.48,1.7,2.3,0.72
511,D.J. Byrd,6.7,1.55,2.55,0.72,1.8,0.52,0.15,0.92,32.5,20.08,2.1,5.55,0.37,0.49,1.05,1.4,0.7
512,Brett Buscher,6.7,0.45,3.15,1.1,2.05,0.45,0.35,1.45,30.0,20.85,2.7,5.15,0.53,0.53,1.2,1.75,0.66
513,Traevon Jackson,6.7,2.4,2.22,0.4,1.88,0.68,0.12,1.55,27.75,22.02,2.22,5.52,0.4,0.45,1.72,2.17,0.76
514,DJ Jackson,6.68,0.66,3.62,1.48,2.45,0.4,0.28,1.04,27.2,24.38,2.16,5.0,0.43,0.47,1.84,2.34,0.78
515,Lewis Jackson,6.68,3.72,2.85,0.88,1.98,0.8,0.05,1.65,30.25,24.0,2.5,5.48,0.44,0.46,1.52,2.22,0.62
516,David Jackson,6.65,2.6,3.15,0.55,2.6,0.9,0.05,1.6,30.0,27.0,2.15,5.45,0.39,0.48,1.45,1.9,0.78
517,Jarryd Cole,6.6,0.32,4.82,1.88,2.92,0.5,0.3,1.35,27.0,22.67,2.6,4.3,0.62,0.62,1.38,2.28,0.6
518,Jaden Akins,6.6,0.95,3.2,0.7,2.45,0.9,0.35,1.0,33.0,21.1,2.45,5.85,0.41,0.5,0.65,0.95,0.66
519,Race Thompson,6.6,0.86,4.98,1.5,3.52,0.82,0.78,0.8,26.0,20.08,2.48,4.94,0.48,0.5,1.4,2.16,0.62
520,Kyle Hornsby,6.6,1.6,2.7,0.8,2.0,0.5,0.1,0.6,34.0,24.6,2.4,6.1,0.38,0.51,0.3,0.5,0.65
521,Eric May,6.58,1.38,3.4,1.02,2.4,0.98,0.38,1.32,33.25,23.12,2.42,5.88,0.42,0.47,0.98,1.45,0.66
522,Nick Zeisloft,6.55,0.7,1.9,0.45,1.45,0.25,0.1,0.45,34.5,19.85,2.15,4.75,0.45,0.64,0.45,0.55,0.84
523,Aundre Hyatt,6.55,0.75,3.35,1.05,2.3,0.4,0.35,0.85,33.0,17.95,2.3,6.35,0.36,0.43,0.95,1.45,0.66
524,Aleem Ford,6.55,0.88,3.32,0.75,2.58,0.42,0.3,0.8,31.5,22.42,2.3,5.72,0.39,0.51,0.7,0.92,0.82
525,Jeff Hagen,6.53,1.33,4.2,1.7,2.53,0.53,1.47,1.67,31.0,17.93,2.27,4.6,0.49,0.49,1.9,2.63,0.72
526,Cyrus Tate,6.5,0.3,5.17,1.8,3.33,0.63,0.43,1.47,28.33,21.43,2.27,3.8,0.6,0.6,1.97,3.07,0.65
527,Jairus Hamilton,6.5,0.7,2.4,0.3,2.0,0.3,0.1,0.7,31.0,20.5,2.1,4.7,0.45,0.57,1.0,1.6,0.65
528,Al Nolen,6.48,4.03,3.12,0.72,2.4,2.15,0.12,1.8,24.5,25.9,1.7,4.97,0.34,0.41,2.48,3.35,0.73
529,Kobe King,6.47,0.9,2.1,0.87,1.3,0.33,0.2,0.77,21.0,22.17,2.5,5.53,0.45,0.51,0.93,1.37,0.78
530,Dave Sobolewski,6.43,2.7,2.08,0.28,1.8,0.72,0.18,1.3,30.75,25.58,1.9,5.22,0.36,0.46,1.75,2.48,0.74
531,Chris Kramer,6.42,2.55,3.0,0.42,2.58,2.05,0.35,1.52,33.25,27.85,2.3,4.88,0.47,0.5,1.52,2.17,0.71
532,Kyle Young,6.42,0.9,4.46,1.48,2.94,0.4,0.46,0.66,27.0,20.2,2.48,4.4,0.55,0.57,1.26,1.76,0.67
533,Rob Phinisee,6.42,2.72,2.55,0.28,2.25,0.92,0.23,1.35,27.75,23.98,2.3,6.6,0.35,0.41,0.98,1.5,0.61
534,Erazem Lorbek,6.4,0.6,3.3,1.1,2.2,0.6,0.5,1.1,35.0,15.5,2.5,4.7,0.53,0.57,1.1,1.6,0.65
535,Ben Luber,6.4,3.88,1.88,0.2,1.7,1.12,0.08,2.5,26.75,30.9,2.2,6.25,0.35,0.41,1.32,1.62,0.79
537,Zach McCabe,6.35,1.08,3.7,1.27,2.42,0.7,0.1,1.27,34.25,18.12,2.15,5.38,0.4,0.47,1.25,1.62,0.76
538,Rich McBride,6.35,1.58,1.58,0.35,1.27,0.55,0.05,0.95,32.75,22.65,2.08,5.88,0.34,0.48,0.5,0.6,0.84
539,Nemanja Calasan,6.35,0.5,3.15,1.2,1.85,0.2,0.3,1.25,34.0,16.75,2.35,5.7,0.42,0.47,1.0,1.8,0.56
540,Ryan Cline,6.32,1.98,1.95,0.12,1.83,0.4,0.08,0.68,34.75,21.55,2.12,5.28,0.4,0.56,0.3,0.48,0.72
541,Ross Travis,6.32,0.7,6.22,1.98,4.22,0.57,0.3,1.25,32.75,25.9,2.4,5.75,0.43,0.44,1.35,2.3,0.54
542,Julian Welch,6.25,2.15,1.9,0.3,1.6,0.85,0.15,1.55,34.0,18.65,2.15,4.9,0.41,0.49,1.2,1.75,0.64
544,Jared Berggren,6.25,0.55,3.32,1.08,2.22,0.38,1.05,0.77,29.75,16.82,2.33,5.03,0.51,0.56,1.0,1.42,0.64
545,Evan Smotrycz,6.23,0.97,3.77,0.97,2.83,0.6,0.33,1.13,32.0,19.53,2.07,5.13,0.4,0.5,1.03,1.37,0.74
546,Matt McQuaid,6.22,1.55,1.9,0.57,1.32,0.42,0.15,0.82,35.0,22.15,2.08,5.12,0.4,0.53,0.72,0.92,0.78
547,Jon Teske,6.2,0.62,4.4,1.45,3.0,0.62,1.2,0.62,32.25,17.77,2.4,4.82,0.42,0.44,1.18,1.8,0.6
548,Brandon Newman,6.2,1.0,2.83,0.3,2.57,0.57,0.3,1.07,29.33,18.0,2.03,5.57,0.36,0.47,1.03,1.23,0.82
549,Adam Woodbury,6.2,0.8,5.55,2.15,3.4,0.5,0.52,1.25,34.5,19.8,2.4,4.72,0.51,0.51,1.38,2.15,0.62
550,Mike Walker,6.2,2.15,1.15,0.15,1.0,0.55,0.1,1.15,30.0,20.62,2.05,5.6,0.37,0.5,0.65,0.82,0.75
551,Parker Stewart,6.2,1.0,2.1,0.1,2.0,0.4,0.1,0.7,34.0,24.4,2.1,5.5,0.37,0.52,0.5,0.8,0.64
552,Robbie Beran,6.15,0.73,3.72,0.8,2.88,0.42,0.57,0.68,30.0,21.7,2.15,5.1,0.42,0.51,0.98,1.35,0.73
553,Mason Gillis,6.13,1.23,4.23,1.47,2.77,0.43,0.13,0.97,31.0,22.07,1.97,4.2,0.47,0.59,1.17,1.4,0.82
554,Luka Mirkovic,6.12,1.98,4.47,1.48,3.02,0.57,0.6,1.23,28.0,22.1,2.35,4.78,0.48,0.5,1.3,2.2,0.6
557,Sam Maniscalco,6.1,2.3,1.9,0.3,1.6,0.5,0.0,1.0,28.0,24.1,2.0,5.4,0.37,0.46,1.1,1.4,0.82
558,Nicholas Baer,6.08,1.32,4.5,1.58,2.95,1.02,0.95,0.78,32.25,19.7,2.17,4.92,0.45,0.55,0.68,1.08,0.63
559,Joe Krabbenhoft,6.05,2.0,5.55,1.7,3.8,0.65,0.25,1.3,34.0,24.48,2.05,4.5,0.45,0.48,1.65,2.2,0.75
560,Matt Sylvester,6.05,1.72,2.35,0.68,1.68,0.3,0.22,1.35,27.5,19.18,2.33,5.6,0.41,0.46,0.78,1.08,0.72
561,Chris Babb,6.05,1.35,2.15,0.55,1.6,0.5,0.2,0.75,31.5,19.9,1.9,5.15,0.35,0.49,0.85,1.15,0.72
562,Delvon Roe,6.03,1.17,5.07,1.93,3.13,0.67,0.97,1.2,36.33,20.7,2.13,4.07,0.53,0.53,1.73,2.93,0.59
563,Michael Flowers,6.02,2.02,3.18,0.82,2.28,1.25,0.18,1.32,33.25,23.58,2.0,4.7,0.4,0.49,1.23,1.7,0.68
564,Kipper Nichols,6.0,0.62,2.98,1.0,1.92,0.55,0.25,0.9,29.0,16.15,2.17,5.08,0.43,0.47,1.15,1.55,0.69
565,D.J. Foreman,6.0,0.6,4.4,1.35,3.05,0.45,0.4,1.45,31.5,20.85,2.25,4.85,0.46,0.47,1.4,2.6,0.5
566,Ron Coleman,5.95,1.08,2.88,1.1,1.75,0.32,0.1,1.08,32.25,23.7,2.2,5.42,0.41,0.49,0.65,0.88,0.73
567,Thomas Allen,5.95,1.25,1.9,0.25,1.6,0.75,0.1,0.8,30.5,20.05,2.2,5.15,0.42,0.51,0.7,0.8,0.83
568,Geno Thorpe,5.95,0.9,2.1,0.6,1.5,0.8,0.05,1.1,33.0,18.05,1.85,4.25,0.47,0.51,2.0,2.5,0.76
569,Anton Gill,5.95,0.8,1.9,0.4,1.5,0.4,0.05,0.8,21.5,20.9,1.95,5.7,0.34,0.44,0.75,1.0,0.73
570,Jack Nunge,5.93,1.27,3.97,1.5,2.5,0.37,0.57,0.97,20.33,15.43,2.2,5.27,0.42,0.47,0.97,1.27,0.78
571,Malik Story,5.9,1.2,2.3,0.4,1.9,0.7,0.1,2.0,31.0,17.9,2.1,5.8,0.36,0.41,1.1,1.8,0.59
572,Braeden Carrington,5.9,0.8,3.6,0.8,2.8,0.5,0.2,0.8,22.0,20.0,1.7,5.1,0.33,0.45,1.3,1.8,0.72
574,Joseph Bertrand,5.85,0.75,2.75,0.88,1.85,0.5,0.12,1.05,29.5,17.75,2.35,4.65,0.51,0.54,0.85,1.15,0.73
576,Brent Petway,5.82,0.62,4.58,1.6,2.97,0.52,1.2,0.9,29.75,18.52,2.42,4.0,0.61,0.61,1.0,1.62,0.61
577,Richaud Pack,5.8,1.2,3.3,0.7,2.6,0.5,0.2,0.9,35.0,25.7,1.8,4.7,0.39,0.48,1.3,1.9,0.7
578,Paul Carter,5.8,0.75,4.1,1.5,2.6,0.6,0.4,1.15,31.5,15.6,2.05,4.75,0.43,0.45,1.45,2.0,0.73
579,Matt Costello,5.8,0.75,4.5,1.65,2.85,0.4,1.02,0.68,34.5,16.02,2.25,4.03,0.55,0.55,1.27,1.75,0.73
580,Evan Taylor,5.8,1.7,3.15,0.65,2.45,0.95,0.3,1.2,32.0,25.1,2.1,4.9,0.42,0.45,1.35,1.85,0.72
582,Mark Smith,5.8,1.4,1.4,0.6,0.8,0.6,0.1,1.3,31.0,19.1,1.9,5.7,0.34,0.38,1.4,1.7,0.8
583,Mark Alstork,5.8,1.8,3.4,1.3,2.1,0.8,0.4,1.4,32.0,22.6,1.8,5.2,0.34,0.39,1.7,2.3,0.76
584,P.J. Thompson,5.75,2.12,1.72,0.52,1.2,0.9,0.02,0.72,34.25,23.18,1.78,4.1,0.42,0.56,1.05,1.3,0.79
585,Jeremie Simmons,5.75,1.65,1.05,0.15,0.9,0.5,0.05,0.9,33.0,17.35,1.85,4.65,0.41,0.54,0.9,1.2,0.74
586,Derrick Nix,5.75,0.8,3.62,1.42,2.18,0.57,0.25,1.0,34.75,15.62,2.25,4.18,0.54,0.54,1.3,2.22,0.52
587,Andre Wesson,5.75,1.27,2.75,0.92,1.82,0.35,0.28,1.25,31.75,22.65,1.92,4.47,0.41,0.51,1.02,1.45,0.71
588,John Harrar,5.74,0.8,5.88,2.52,3.38,0.48,0.22,0.92,29.2,18.4,2.08,3.5,0.58,0.58,1.58,2.4,0.63
589,Coleman Hawkins,5.73,1.63,3.8,1.23,2.53,0.67,0.7,1.37,30.33,19.27,2.07,4.8,0.41,0.47,1.0,1.57,0.65
591,Gary Ware,5.7,0.55,3.1,1.2,1.9,0.35,0.95,1.2,26.5,16.5,2.45,4.45,0.54,0.54,0.85,1.55,0.55
592,Joey Baker,5.7,0.4,2.2,0.1,2.1,0.4,0.2,0.5,34.0,16.4,1.9,4.8,0.39,0.52,0.7,1.0,0.69
593,Keaton Nankivil,5.68,0.52,3.05,1.38,1.72,0.35,0.6,0.6,29.25,17.32,2.1,4.32,0.43,0.49,0.75,0.98,0.72
594,Laval Lucas-Perry,5.65,1.45,2.0,0.35,1.6,0.6,0.1,1.0,29.0,19.75,1.7,4.65,0.36,0.47,1.25,1.65,0.71
596,Kelsey Barlow,5.6,1.63,2.97,1.03,1.93,0.83,0.27,1.3,31.0,19.93,1.97,4.5,0.44,0.45,1.57,2.47,0.6
597,Andrew Jones III,5.55,0.45,5.03,1.95,3.1,0.35,0.25,1.18,33.5,24.48,2.22,4.1,0.54,0.54,1.1,1.75,0.61
598,Maverick Morgan,5.55,0.42,2.68,1.02,1.67,0.22,0.48,0.92,33.75,15.68,2.33,4.3,0.54,0.54,0.9,1.3,0.72
599,Jonathan Laurent,5.55,0.65,3.75,0.85,2.9,0.5,0.2,1.3,29.0,18.8,2.0,4.45,0.44,0.47,1.3,1.8,0.72
600,Reggie Hearn,5.55,0.8,2.17,0.55,1.62,0.5,0.2,0.92,23.75,15.88,1.85,4.03,0.45,0.55,1.27,1.68,0.8
601,Shannon Scott,5.52,3.7,2.72,0.65,2.05,1.48,0.15,1.62,35.75,22.22,2.1,5.15,0.38,0.42,0.92,1.42,0.57
602,Adam Ballinger,5.5,1.0,3.0,0.9,2.1,0.3,0.6,1.0,35.0,16.7,2.1,5.1,0.42,0.48,0.7,0.8,0.89
603,Lance Stemler,5.5,0.7,3.55,1.25,2.3,0.75,0.2,0.6,31.5,22.2,1.9,4.75,0.4,0.51,0.65,0.8,0.78
604,Khalil Iverson,5.5,0.98,3.7,1.32,2.38,0.65,0.62,1.23,33.75,20.78,2.08,3.92,0.52,0.53,1.27,2.02,0.6
606,Ekpe Udoh,5.5,0.85,4.5,1.95,2.55,0.75,2.4,0.95,33.5,23.15,2.3,5.0,0.45,0.46,0.85,1.5,0.59
607,J'son Stamper,5.5,0.95,5.3,2.3,2.95,0.8,0.1,1.6,30.0,20.55,2.1,4.6,0.45,0.46,1.3,2.2,0.6
608,Evan Gordon,5.5,1.4,2.3,0.6,1.7,0.8,0.3,1.1,32.0,20.4,1.8,4.4,0.4,0.46,1.5,1.8,0.81
611,Nnanna Egwu,5.45,0.52,4.58,1.98,2.6,0.48,1.48,0.98,34.0,23.68,2.3,5.25,0.44,0.45,0.75,1.05,0.67
612,Mike Henderson,5.38,1.7,2.33,0.6,1.72,0.82,0.05,1.9,25.25,21.95,1.95,4.38,0.44,0.45,1.35,2.1,0.64
613,Michael Jacobson,5.35,0.8,5.25,2.4,2.85,0.65,0.85,0.75,32.5,21.15,1.9,4.7,0.41,0.42,1.35,1.9,0.71
614,Alex Marcotullio,5.35,1.65,1.95,0.42,1.52,0.9,0.1,0.92,32.0,19.58,1.7,4.2,0.41,0.56,0.65,0.88,0.74
615,Cordell Pemsl,5.35,1.2,4.18,1.32,2.85,0.3,0.45,1.6,24.0,15.85,1.82,3.12,0.58,0.59,1.62,2.35,0.72
617,Jaden Henley,5.3,1.3,2.2,0.4,1.8,0.8,0.2,1.6,31.0,20.8,1.8,4.8,0.38,0.42,1.2,1.9,0.63
619,Colton Iverson,5.27,0.77,4.33,1.63,2.67,0.4,0.93,1.4,32.67,17.63,2.0,3.93,0.51,0.51,1.27,2.4,0.54
620,Trey Galloway,5.27,1.83,2.2,0.47,1.73,0.67,0.13,1.07,25.67,22.7,2.03,4.47,0.45,0.5,0.73,1.07,0.68
621,Te'Jon Lucas,5.25,3.15,2.05,0.3,1.7,1.05,0.05,1.75,30.0,21.05,1.85,4.15,0.44,0.48,1.25,2.05,0.6
622,Eric Curry,5.25,1.4,4.3,1.15,3.15,0.68,0.5,1.05,26.0,20.55,2.02,4.88,0.42,0.43,1.02,1.58,0.66
623,Graham Brown,5.25,0.7,5.3,1.92,3.38,0.73,0.22,1.35,29.75,22.22,2.1,3.62,0.58,0.58,1.05,1.83,0.56
624,Jason Okrzesik,5.25,1.35,1.4,0.2,1.2,0.8,0.2,0.9,30.0,18.5,1.7,4.5,0.38,0.48,0.9,1.05,0.87
626,Davor Duvancic,5.2,1.93,3.0,0.73,2.27,0.5,0.27,1.4,29.0,23.27,1.93,4.13,0.47,0.51,1.0,1.5,0.66
627,Josh Oglesby,5.18,1.25,1.62,0.32,1.27,0.32,0.08,0.5,31.5,18.32,1.75,4.9,0.35,0.47,0.5,0.65,0.81
628,Anthony Gaines,5.18,1.55,3.78,0.98,2.8,0.82,0.28,1.05,24.5,23.15,1.6,4.25,0.38,0.43,1.6,2.08,0.77
629,Anthony Johnson,5.15,1.1,2.5,0.55,1.9,0.3,0.0,0.9,34.0,16.75,1.95,5.15,0.38,0.41,0.95,1.65,0.6
630,Rico Tucker,5.15,1.45,1.3,0.35,1.0,1.25,0.2,1.85,29.5,15.6,1.65,4.9,0.33,0.4,1.25,1.55,0.76
632,Anthony Clemmons,5.1,2.52,1.85,0.35,1.52,0.65,0.12,1.3,34.25,19.4,1.72,4.12,0.43,0.49,1.18,1.75,0.68
633,Korie Lucious,5.1,2.87,1.4,0.33,1.1,0.63,0.13,1.7,30.67,18.8,1.73,5.13,0.34,0.46,0.57,0.77,0.72
634,Johnny Hill,5.1,2.3,2.6,1.2,1.4,1.0,0.3,1.3,35.0,17.7,1.7,3.1,0.54,0.55,1.7,2.0,0.83
636,Nojel Eastern,5.1,2.1,4.0,1.4,2.63,0.93,0.2,1.33,34.67,22.1,2.03,4.43,0.47,0.47,0.93,1.73,0.52
638,Aaron Jordan,5.08,0.72,2.42,0.78,1.7,0.6,0.18,0.5,29.75,16.4,1.55,4.08,0.36,0.48,0.9,1.2,0.65
639,A.J. Ratliff,5.08,0.9,2.07,0.75,1.35,0.48,0.42,0.8,23.25,17.88,1.75,4.47,0.36,0.46,0.6,0.85,0.66
640,Jerome Hunter,5.05,0.45,2.55,0.55,2.0,0.4,0.15,0.9,27.5,17.0,1.8,4.4,0.39,0.48,0.7,1.1,0.63
641,Tarrance Crump,5.05,1.5,1.4,0.55,0.8,0.65,0.05,1.6,33.5,17.35,1.9,4.65,0.41,0.43,1.0,1.35,0.77
644,Jamarques Lawrence,5.0,1.0,2.2,0.3,1.9,0.4,0.1,1.1,28.0,18.1,1.8,4.4,0.41,0.52,0.4,1.1,0.39
645,Tamar Bates,5.0,0.85,1.45,0.25,1.15,0.4,0.1,0.7,33.5,17.45,1.8,4.8,0.36,0.45,0.65,0.8,0.88
647,Ricky Doyle,4.95,0.2,2.6,1.2,1.4,0.15,0.3,0.6,33.5,15.2,1.9,3.1,0.63,0.63,1.15,1.8,0.62
648,Jared Nickens,4.92,0.35,1.4,0.28,1.12,0.22,0.15,0.43,34.0,16.23,1.65,4.38,0.37,0.52,0.32,0.43,0.75
650,Zak Showalter,4.9,1.25,2.25,0.65,1.62,0.78,0.15,0.75,32.25,18.77,1.68,3.58,0.44,0.51,0.95,1.18,0.8
651,Jeremiah Rivers,4.9,2.55,3.65,0.85,2.8,1.2,0.45,2.15,31.5,25.4,1.8,4.2,0.43,0.44,1.3,2.1,0.66
652,Kelvin Grady,4.9,2.35,1.6,0.4,1.2,0.55,0.0,1.05,32.0,21.15,1.65,4.2,0.39,0.51,0.65,0.85,0.77
654,Issa Thiam,4.9,0.5,2.8,0.67,2.17,0.57,0.2,0.77,30.0,21.47,1.73,4.73,0.36,0.47,0.37,0.57,0.62
655,Amir Williams,4.85,0.2,4.12,1.62,2.5,0.4,1.4,0.9,33.5,16.42,1.75,2.85,0.59,0.59,1.35,2.33,0.55
656,Joe Toussaint,4.83,2.83,1.63,0.43,1.2,1.13,0.03,1.63,32.67,15.53,1.77,4.3,0.41,0.43,1.1,1.5,0.76
657,Sterling Carter,4.8,1.1,1.8,0.3,1.5,0.9,0.4,0.8,27.0,15.1,1.6,4.5,0.36,0.48,0.5,0.7,0.65
658,Caleb Furst,4.8,0.55,3.9,1.5,2.4,0.3,0.25,0.55,34.5,16.5,1.8,3.35,0.54,0.6,0.9,1.4,0.65
660,Chester Frazier,4.78,3.82,3.98,1.02,2.92,1.0,0.18,1.92,31.25,27.88,1.55,4.32,0.34,0.41,0.98,1.7,0.57
661,Calvin Brock,4.78,1.05,3.03,1.2,1.85,0.62,0.18,1.02,30.25,16.27,1.9,4.28,0.42,0.45,0.75,1.25,0.57
663,Ryne Smith,4.75,0.95,1.55,0.27,1.7,0.52,0.08,0.38,29.5,17.52,1.5,3.7,0.38,0.53,0.42,0.5,0.89
664,Jack McVeigh,4.73,0.57,2.07,0.5,1.6,0.43,0.17,0.63,26.0,15.8,1.57,4.4,0.36,0.47,0.6,0.8,0.82
666,Brevin Pritzl,4.72,0.46,2.2,0.54,1.68,0.38,0.1,0.54,24.4,17.74,1.5,3.78,0.4,0.51,0.82,0.98,0.82
669,Jamal Abu-Shamala,4.68,0.72,2.12,0.52,1.58,0.28,0.15,0.9,32.0,16.1,1.58,3.68,0.44,0.55,0.6,0.82,0.76
672,Isaiah Thompson,4.67,0.87,1.17,0.27,0.87,0.27,0.03,0.6,32.0,17.63,1.5,3.77,0.4,0.54,0.73,0.97,0.74
673,Jamari Wheeler,4.66,2.76,3.08,0.82,2.26,1.48,0.1,1.46,31.6,24.86,1.72,4.02,0.42,0.48,0.66,1.04,0.61
674,Brooks Barnhizer,4.65,1.05,2.8,0.75,2.05,0.65,0.35,0.55,22.5,15.9,1.55,4.4,0.32,0.37,1.05,1.25,0.83
675,Greg Lewis,4.65,0.75,4.8,1.6,3.15,0.5,1.0,1.25,31.5,22.45,1.75,4.3,0.42,0.42,1.1,1.9,0.54
678,Bryant Dillon,4.6,2.7,2.8,0.55,2.2,0.65,0.2,2.15,21.5,29.0,1.75,4.1,0.4,0.45,0.65,1.05,0.61
680,Roddy Gayle Jr.,4.6,0.9,1.6,0.3,1.4,0.6,0.3,0.8,35.0,16.3,1.8,4.0,0.44,0.51,0.5,0.6,0.81
681,Errick Peck,4.6,0.7,4.4,1.7,2.7,0.3,0.5,1.0,32.0,18.5,1.9,4.0,0.48,0.52,0.4,0.8,0.48
682,Jimmy Maley,4.6,1.5,1.8,0.5,1.3,0.3,0.1,0.6,21.0,20.0,1.7,4.1,0.41,0.51,0.4,0.8,0.56
683,Doug Thomas,4.6,0.35,4.7,1.55,3.15,0.55,0.6,0.9,33.0,16.75,1.75,3.55,0.5,0.5,1.05,1.75,0.59
684,Jeremy Nash,4.58,1.5,2.5,0.75,1.75,1.1,0.3,0.78,27.75,20.35,1.52,3.95,0.4,0.46,0.98,1.3,0.73
686,Yvan Ouedraogo,4.55,0.45,5.0,2.3,2.7,0.45,0.4,1.0,27.0,18.15,1.75,4.15,0.42,0.42,1.05,2.4,0.43
687,Erek Hansen,4.53,0.4,2.93,1.23,1.7,0.33,2.33,1.03,29.33,16.93,1.83,3.7,0.48,0.48,0.83,1.3,0.56
689,Jermain Davis,4.5,1.6,3.0,0.3,2.7,0.3,0.1,1.1,30.0,20.6,1.4,4.1,0.34,0.41,1.1,1.5,0.75
692,Tarin Smith,4.5,0.7,1.6,0.4,1.2,0.6,0.3,0.8,31.0,17.6,1.7,3.8,0.44,0.49,0.7,1.2,0.6
693,Sasa Borovnjak,4.5,0.27,2.6,1.03,1.6,0.3,0.2,0.7,27.0,15.93,1.83,3.37,0.51,0.51,0.93,1.4,0.67
695,Clayton Hanson,4.47,0.87,1.5,0.3,1.2,0.37,0.07,0.43,27.67,18.0,1.47,3.63,0.41,0.54,0.5,0.8,0.58
696,Tre' Williams,4.45,0.95,2.3,0.45,1.9,0.45,0.15,0.9,29.0,17.4,1.65,4.55,0.34,0.42,0.45,1.0,0.46
698,Tom Pritchard,4.42,0.68,3.82,1.68,2.12,0.38,0.55,1.1,32.5,19.25,1.78,3.35,0.56,0.56,0.88,1.75,0.44
699,Mike Bruesewitz,4.42,1.2,3.88,1.48,2.4,0.48,0.18,0.92,32.75,20.2,1.58,3.82,0.4,0.46,0.77,1.1,0.74
702,Dion Wiley,4.37,0.63,1.6,0.37,1.27,0.33,0.17,0.77,27.67,15.17,1.5,3.87,0.37,0.49,0.5,0.67,0.71
703,Damonte Dodd,4.37,0.43,3.67,1.67,1.97,0.17,1.43,1.1,32.33,17.07,1.63,2.73,0.61,0.61,1.1,1.83,0.61
704,Kale Abrahamson,4.35,0.4,1.9,0.4,1.5,0.25,0.15,0.5,32.5,15.85,1.4,3.95,0.36,0.48,0.6,1.0,0.59
705,Ivan Kartelo,4.35,0.8,4.35,2.0,2.4,0.7,0.55,1.55,28.5,17.1,1.55,2.7,0.61,0.61,1.2,2.0,0.58
706,Ndu Egekeze,4.35,0.3,2.55,1.2,1.4,0.4,0.1,0.9,28.0,15.9,1.45,2.9,0.5,0.5,1.4,2.3,0.63
707,Aaron Robinson,4.33,1.87,1.7,0.27,1.4,0.93,0.1,1.4,28.33,19.3,1.43,3.67,0.37,0.51,0.43,0.63,0.68
713,Ian Martinez,4.25,0.85,2.05,0.4,1.7,0.6,0.3,0.85,31.5,15.2,1.45,3.6,0.39,0.45,0.85,1.15,0.75
716,Terrance Williams II,4.23,0.57,3.5,0.87,2.6,0.2,0.1,0.6,28.0,16.43,1.47,3.6,0.4,0.45,0.9,1.33,0.7
718,Julian Roper II,4.2,1.05,3.55,0.85,2.7,0.8,0.4,0.55,22.0,20.8,1.45,3.7,0.4,0.47,0.7,1.25,0.58
721,Travis Walton,4.2,3.88,2.15,0.5,1.65,1.18,0.05,1.7,35.75,25.68,1.5,3.65,0.41,0.42,1.02,1.45,0.71
723,Bernard Cote,4.2,0.9,2.3,0.5,1.7,0.6,0.3,0.9,27.0,16.3,1.5,3.9,0.38,0.47,0.5,1.0,0.52
724,Bill Edwards,4.2,1.0,3.3,0.8,2.5,0.5,0.2,1.8,26.0,16.0,1.5,4.2,0.35,0.4,0.8,1.0,0.81
729,Connor McCaffery,4.15,3.0,2.68,0.52,2.2,0.78,0.05,0.92,27.67,21.98,1.17,3.22,0.4,0.51,1.15,1.53,0.74
733,Limar Wilson,4.1,2.2,2.1,0.3,1.8,0.9,0.0,2.0,26.0,23.6,1.6,4.6,0.35,0.4,0.4,0.6,0.67
734,Dallas Lauderdale,4.08,0.2,3.45,1.1,2.35,0.32,1.52,0.82,34.5,17.38,1.75,2.4,0.7,0.7,0.6,1.45,0.39
735,Aaron Wheeler,4.07,0.77,3.87,0.93,2.93,0.6,0.47,0.87,31.67,16.63,1.43,4.0,0.36,0.45,0.5,0.77,0.68
737,Jerret Smith,4.03,2.27,2.0,0.5,2.2,0.5,0.1,1.77,21.67,17.17,1.23,2.63,0.48,0.61,0.9,1.17,0.82
738,Brandon Fuss-Cheatham,4.03,2.33,2.1,0.37,1.77,0.7,0.03,1.37,28.0,20.53,1.4,4.03,0.33,0.37,0.8,1.53,0.51
741,Felix Okpara,4.0,0.3,3.6,1.3,2.3,0.4,1.3,0.5,35.0,15.5,1.7,3.0,0.59,0.59,0.5,0.7,0.62
746,Devan Bawinkel,3.95,0.5,1.25,0.1,1.15,0.15,0.0,0.35,32.0,18.5,1.3,3.55,0.37,0.55,0.05,0.1,0.5
747,Khalid Lewis,3.9,3.0,1.7,0.2,1.4,0.9,0.1,1.3,32.0,23.2,1.5,4.0,0.37,0.39,0.8,1.2,0.7
749,David Jenkins Jr.,3.9,0.8,1.3,0.1,1.2,0.2,0.0,0.8,34.0,15.1,1.3,3.5,0.37,0.49,0.5,0.7,0.67
750,Terrence Samuel,3.9,1.8,2.3,0.4,1.9,0.6,0.0,0.8,28.0,16.7,1.3,3.1,0.41,0.44,1.1,1.6,0.73
751,Thorir Thorbjarnarson,3.9,1.12,2.6,0.42,2.17,0.68,0.1,0.78,23.25,16.4,1.4,3.5,0.39,0.48,0.43,0.57,0.74
754,Rob Summers,3.85,0.5,4.15,1.8,2.35,0.4,0.45,0.95,28.0,21.45,1.6,3.7,0.45,0.45,0.65,1.35,0.5
755,Kenny Goins,3.85,1.23,4.78,1.25,3.58,0.38,0.75,0.92,32.75,18.2,1.48,3.08,0.53,0.57,0.55,0.82,0.65
756,Da'Monte Williams,3.82,1.56,4.06,0.86,3.2,0.76,0.26,0.78,31.8,22.76,1.18,3.22,0.37,0.46,0.86,1.28,0.66
758,Sam McLaurin,3.8,0.4,3.4,2.2,1.2,0.3,0.7,0.8,36.0,20.7,1.3,3.0,0.44,0.45,1.1,1.8,0.58
759,Stan Gaines,3.8,1.05,2.45,1.2,1.3,0.75,0.25,1.1,31.0,18.15,1.35,3.1,0.42,0.45,0.9,1.5,0.63
762,Isaac Likekele,3.8,2.8,4.0,1.0,3.1,0.8,0.2,1.1,32.0,21.8,1.6,4.0,0.39,0.4,0.5,1.1,0.47
764,Daniel Giddens,3.8,0.3,3.6,1.5,2.1,0.5,1.5,1.0,33.0,18.2,1.5,3.3,0.46,0.46,0.8,1.7,0.44
765,Sanjay Lumpkin,3.78,1.04,4.0,1.12,2.88,0.58,0.34,0.96,27.4,21.98,1.32,2.86,0.43,0.48,0.84,1.22,0.73
766,Vince Scott,3.75,1.45,2.17,0.52,1.65,0.57,0.62,0.9,28.0,18.35,1.38,3.4,0.4,0.48,0.38,0.62,0.59
772,Kurt Looby,3.7,0.45,4.6,1.65,2.95,0.55,1.5,0.8,31.5,18.4,1.55,2.5,0.6,0.6,0.7,1.3,0.5
773,Boo Wade,3.7,1.47,2.4,0.95,1.65,0.6,0.5,0.83,21.0,20.2,1.27,3.87,0.3,0.33,1.0,1.6,0.6
776,Collin Hartman,3.68,0.9,2.45,0.9,1.52,0.5,0.3,0.57,26.5,15.38,1.32,3.02,0.44,0.53,0.45,0.6,0.67
778,Shun Jenkins,3.65,0.25,4.45,1.75,2.7,0.45,0.2,1.2,26.5,17.6,1.45,3.75,0.38,0.38,0.8,1.75,0.44
788,Benny Parker,3.53,1.72,1.7,0.22,1.52,1.05,0.05,1.02,32.5,22.38,1.23,3.2,0.39,0.43,0.77,1.08,0.78
793,David Rivers,3.5,0.52,2.82,1.12,1.72,0.52,0.3,0.5,26.75,19.25,1.35,3.25,0.4,0.41,0.7,1.2,0.56
795,Sterling Williams,3.48,0.92,1.92,0.57,1.35,0.75,0.18,0.62,29.5,17.62,1.3,3.28,0.4,0.42,0.65,1.18,0.5
801,Lewis Monroe,3.4,2.3,2.2,0.3,1.9,0.2,0.1,1.2,28.0,20.5,1.1,2.7,0.4,0.46,0.9,1.3,0.65
808,Devin Foster,3.35,0.9,2.2,0.7,1.5,0.3,0.05,0.8,25.0,15.9,1.2,2.4,0.51,0.56,0.75,1.25,0.61
809,Nick Colella,3.35,0.8,1.9,0.35,1.55,0.5,0.15,0.5,28.5,20.8,1.0,3.4,0.31,0.43,0.45,0.65,0.74
817,Ty Rodgers,3.3,1.0,4.0,1.6,2.4,0.7,0.2,0.8,33.0,17.4,1.5,2.8,0.52,0.52,0.4,0.9,0.39
818,Spike Albrecht,3.26,1.82,1.28,0.18,1.1,0.48,0.0,0.5,28.8,15.1,1.0,2.58,0.38,0.49,0.7,0.8,0.84
824,Elliott Eliason,3.2,0.82,4.25,1.48,2.78,0.35,1.05,0.75,34.75,15.45,1.32,2.5,0.53,0.53,0.6,1.18,0.51
862,Matt Glover,2.8,1.3,4.2,1.3,2.9,0.8,0.1,1.5,32.0,23.5,0.8,3.2,0.24,0.28,1.0,1.8,0.55
871,Patrick Emilien,2.8,0.3,2.8,1.1,1.8,0.3,0.7,0.5,32.0,17.7,0.9,1.6,0.55,0.57,1.0,1.4,0.72
884,Tim Jarmusz,2.62,0.6,1.95,0.55,1.42,0.28,0.02,0.4,30.5,16.4,0.82,2.08,0.44,0.57,0.45,0.65,0.65
891,Lourawls Nairn Jr.,2.55,3.05,1.52,0.1,1.42,0.3,0.05,0.92,34.25,19.4,1.02,2.55,0.4,0.44,0.38,0.7,0.43
911,Jaheam Cornwall,2.4,0.6,0.9,0.0,0.9,0.2,0.1,0.8,25.0,15.8,0.7,3.0,0.24,0.3,0.5,0.6,0.81
914,Jaylon Tate,2.4,2.52,1.18,0.12,1.08,0.52,0.1,1.08,30.25,16.45,0.7,2.02,0.35,0.36,0.98,1.33,0.7
919,Zach Puchtel,2.4,0.7,3.3,1.6,1.7,0.7,0.2,0.5,23.0,16.2,0.9,1.7,0.55,0.55,0.6,0.9,0.62
920,Tydus Verhoeven,2.4,0.7,2.6,1.2,1.4,0.5,0.6,0.5,34.0,15.8,1.0,1.9,0.54,0.54,0.4,0.6,0.62
927,Taurus Samuels,2.3,0.9,1.6,0.3,1.3,0.4,0.1,0.4,28.0,16.8,0.7,2.7,0.27,0.35,0.4,0.7,0.6
935,Jordan Dickerson,2.3,0.23,2.93,1.13,1.73,0.23,1.5,0.67,29.33,16.1,0.9,1.73,0.51,0.51,0.57,1.0,0.59
936,Xavier Green,2.3,0.9,2.5,0.7,1.8,0.5,0.1,0.5,32.0,19.8,0.8,2.3,0.38,0.46,0.3,0.5,0.6
941,Ethan Morton,2.27,1.57,1.7,0.27,1.43,0.5,0.23,0.67,31.67,16.2,0.73,2.13,0.35,0.45,0.37,0.53,0.67
942,Michael Jenkins,2.27,1.3,1.6,0.33,1.27,0.8,0.1,0.77,24.33,15.13,0.77,2.0,0.35,0.44,0.4,0.63,0.48
997,Mike Turner,1.9,1.8,2.0,0.7,1.3,0.6,0.6,0.9,32.0,15.8,0.8,2.2,0.34,0.38,0.2,0.4,0.58
1070,Zach McRoberts,1.47,0.87,2.33,0.67,1.63,0.73,0.1,0.4,28.33,15.63,0.53,1.4,0.36,0.44,0.17,0.23,0.84
